RMM,C0/Si1,C/L,Si,Methyl,C,H,O,F,N,Cl,Br,Ben,C=C,H-,C=O,C-O,0,1,0,1,2
322.62,0,1,3,9,12,30,4,0,0,0,0,0,0,1,1,3,4.6220136,0.32844257,0.9638819,3.5474067,0.36868823
350.63,0,1,3,10,13,30,5,0,0,0,0,0,0,0,2,3,4.5760126,0.14403892,1.5406331,0.6009991,5.403204
336.65,0,1,3,10,13,32,4,0,0,0,0,0,0,1,1,3,4.858812,0.3507353,0.9400118,3.4158669,0.10261154
410.8,0,1,4,12,15,38,5,0,0,0,0,0,0,0,1,4,5.0498524,0.09063792,1.0027407,3.6935453,0.31918684
335.62,0,1,3,9,12,29,4,0,1,0,0,0,0,0,2,2,3.6555898,-1.9804512,1.9747628,2.7038012,-0.35938865
220.29,0,1,1,5,8,16,5,0,0,0,0,0,0,0,2,3,1.0383914,-1.9283001,1.5328776,0.31334546,13.758165
248.42,0,1,2,6,9,20,4,0,0,0,0,0,0,0,2,2,2.689044,-1.1998479,1.7776126,0.8946698,1.1908551
316.54,0,0,2,6,14,28,4,0,0,0,0,0,0,0,2,2,4.044974,-2.2696006,1.2034218,2.7163522,6.22219
308.64,0,1,3,9,12,32,3,0,0,0,0,0,0,0,0,3,4.789035,0.40462446,0.3848564,2.771089,1.5907081
220.46,0,1,2,7,9,24,2,0,0,0,0,0,0,1,0,2,4.188308,0.17742348,0.9651613,3.3192136,0.7795694
304.61,0,1,2,11,15,36,2,0,0,0,0,0,0,0,0,2,5.98401,0.7890011,0.9018001,3.3725717,0.12991501
322.66,0,1,3,10,13,34,3,0,0,0,0,0,0,2,0,3,5.043798,0.40402544,0.49125955,3.2699113,0.3579345
434.9,0,1,3,15,21,50,3,0,0,0,0,0,0,0,0,3,8.243711,1.2410445,0.8075248,2.9530818,-0.05576748
234.48,0,1,2,8,10,26,2,0,0,0,0,0,0,2,0,2,4.554042,0.47988904,1.0139078,3.3578694,0.51943344
292.64,0,1,3,9,12,32,2,0,0,0,0,0,0,1,0,2,5.4302454,0.8381803,0.87963516,3.470134,0.51549757
250.48,0,1,2,10,10,26,3,0,0,0,0,0,0,1,0,3,3.5982852,-0.7449918,0.51711875,1.7079563,6.8244224
294.61,0,1,3,9,11,30,3,0,0,0,0,0,0,1,0,2,4.976319,0.6701417,0.8925111,3.8729603,-0.3395824
402.8,0,1,2,8,22,50,2,0,0,0,0,0,0,0,0,2,9.714374,2.0219874,0.6858943,1.892686,0.68835473
290.59,0,1,2,7,14,34,2,0,0,0,0,0,0,1,0,2,5.5874114,0.72466207,0.90458983,3.9793375,0.6845733
276.56,0,1,2,8,13,32,2,0,0,0,0,0,0,1,0,2,5.3089905,0.66058767,0.7067434,3.7951562,0.21850449
276.56,0,1,2,8,13,32,2,0,0,0,0,0,0,2,0,2,5.306953,0.6286944,0.98259354,3.553632,-0.18736511
434.9,0,1,3,9,21,50,3,0,0,0,0,0,0,0,0,3,8.796801,1.4515854,0.8520027,3.322404,0.6167244
561.1,0,1,3,9,30,68,3,0,0,0,0,0,0,0,0,3,11.86626,1.5703536,0.56513715,1.0201745,1.64777
304.61,0,1,2,9,15,36,2,0,0,0,0,0,0,0,0,2,5.958632,0.7827587,0.8861408,4.050706,0.78218865
322.66,0,1,3,11,13,34,3,0,0,0,0,0,0,1,0,3,5.094848,0.47266853,0.88705665,3.4817827,0.83385307
336.69,0,1,3,10,14,36,3,0,0,0,0,0,0,2,0,3,5.2992477,0.4688276,0.8962029,3.8501785,0.22632156
418.66,0,1,3,9,13,34,9,0,0,0,0,0,0,1,0,9,0.81235266,-6.583027,0.450905,1.1639978,5.663217
350.63,0,1,3,9,13,30,5,0,0,0,0,0,0,1,2,3,4.5457935,0.21711838,1.7696897,3.0662918,0.618182
349.64,0,1,3,9,13,31,4,0,1,0,0,0,0,1,2,2,3.8985329,-1.8386518,1.661941,3.1264496,1.3616452
265.49,0,1,3,3,7,19,4,0,1,0,0,0,0,6,2,2,1.3391445,-2.1533072,-0.13070965,0.2732,15.565708
336.65,0,1,3,9,13,32,4,0,0,0,0,0,0,1,1,3,4.8346567,0.32041562,0.863092,3.5157223,0.31268027
438.8,0,1,4,12,16,38,6,0,0,0,0,0,0,1,2,4,5.4895506,-0.11606562,1.497818,3.5807085,0.3895842
321.63,0,1,3,9,12,31,3,0,1,0,0,0,0,1,1,2,4.064944,-0.8456837,1.0435472,3.2214255,0.84192955
350.67,0,1,3,10,14,34,4,0,0,0,0,0,0,2,1,3,5.132584,0.34025145,0.86844337,3.591776,1.1532005
336.65,0,1,3,9,13,32,4,0,0,0,0,0,0,1,1,3,4.8346567,0.32041562,0.94667846,3.4727957,0.73124117
424.8,0,1,4,12,16,40,5,0,0,0,0,0,0,1,1,4,5.424391,0.111759424,0.6770473,3.6819274,0.5042798
278.49,0,1,2,7,11,26,4,0,0,0,0,0,0,0,1,3,3.0986366,-1.436839,1.0275741,2.6251428,7.7618213
334.68,0,1,3,9,13,34,2,0,2,0,0,0,0,0,1,1,3.9035172,-2.043215,0.9572791,3.4320633,1.2627225
320.57,0,1,2,9,14,32,4,0,0,0,0,0,0,0,1,3,4.337194,-0.34970748,1.2522283,3.1154015,1.195997
362.64,0,1,3,9,14,30,5,0,0,0,0,0,1,1,2,3,4.841908,0.18688273,1.1062781,3.6621873,0.49268702
260.48,0,1,2,7,11,24,3,0,0,0,0,0,1,1,1,2,4.4626765,0.62071574,0.9061127,3.6336856,0.6447626
376.67,0,1,3,9,15,32,5,0,0,0,0,0,1,1,2,3,5.2292767,0.007816672,1.0499865,3.2197952,0.4097197
274.5,0,1,2,8,12,26,3,0,0,0,0,0,1,1,1,2,4.6799226,0.585003,0.9002076,3.3481796,1.3134015
274.5,0,1,2,7,12,26,3,0,0,0,0,0,1,1,1,2,4.6614647,0.5751629,0.89240646,3.5917873,0.5224893
488.9,0,1,3,15,23,48,5,0,0,0,0,0,1,0,2,3,8.501087,0.52686346,0.60836864,2.7912662,0.26022246
342.65,0,0,3,9,15,30,3,0,0,0,0,1,0,0,0,3,7.004775,0.100091815,0.038025226,3.5678678,0.36784893
254.47,0,0,2,6,12,22,2,0,0,0,0,1,0,0,0,2,5.946741,0.31126928,0.050294235,3.7492766,-0.035447516
468.9,0,0,3,15,24,48,3,0,0,0,0,1,0,0,0,3,9.8219185,0.9668047,0.3503015,0.91578645,0.35815108
270.47,0,0,2,6,12,22,3,0,0,0,0,1,0,1,0,3,4.324358,-3.262226,0.12482414,3.5149622,-0.042560015
240.37,0,0,1,5,12,20,3,0,0,0,0,1,0,2,0,3,3.659154,-5.6577196,0.22809264,2.418408,1.1870486
338.6,0,0,2,10,18,34,2,0,0,0,0,1,0,0,0,2,7.7092648,0.45303476,0.22799362,3.2021205,-0.07527995
240.44,1,1,2,5,11,20,2,0,0,0,0,1,0,0,0,1,4.857126,0.09201479,1.1670998,3.3662927,0.5634159
430.8,0,0,4,12,18,38,4,0,0,0,0,1,0,0,0,4,7.5453362,0.075134754,0.14843412,3.6143029,0.2020125
278.49,0,0,2,4,14,22,2,0,0,0,0,1,2,0,0,2,6.358256,-0.106567025,0.010159378,3.9246354,0.5993279
763.4,0,0,3,9,45,90,3,0,0,0,0,1,0,0,0,3,14.59531,1.0773976,0.5457298,0.11820471,1.2453024
198.29,0,0,1,3,9,14,3,0,0,0,0,1,0,2,0,3,2.9613006,-6.0489893,0.003953154,0.7328564,22.801754
354.6,0,0,2,6,18,34,3,0,0,0,0,1,0,1,0,3,7.555609,-1.5434192,-0.060956214,3.3546884,0.8622433
226.42,0,0,2,4,10,18,2,0,0,0,0,1,0,2,0,2,4.8894234,0.14095259,-0.2711906,3.4656284,0.015728615
326.5,0,0,2,0,18,22,2,0,0,0,0,1,6,0,0,2,7.6475997,-0.48270035,0.051492438,3.0134072,0.18579221
450.7,0,0,3,0,24,30,3,0,0,0,0,1,9,0,0,3,9.49476,-0.19575942,0.07938605,1.5920883,-0.17662655
378.7,0,0,3,6,18,30,3,0,0,0,0,1,3,0,0,3,7.755967,-0.05463946,0.2466015,2.7624674,0.44919536
358.73,0,0,4,8,14,30,3,0,0,0,0,1,0,4,0,4,6.96862,0.63817155,-0.2514018,3.7397103,-0.38636336
278.49,0,0,2,4,14,22,2,0,0,0,0,1,2,4,0,2,6.419978,-0.49582887,-0.25136924,3.326116,-0.1439083
196.32,0,0,1,3,10,16,2,0,0,0,0,1,0,2,0,2,3.642149,-5.243326,0.10667408,1.4022859,26.83139
224.37,0,0,1,3,12,20,2,0,0,0,0,1,0,2,0,2,4.1903024,-5.295828,0.20723581,2.291059,0.2451411
252.42,0,0,1,3,14,24,2,0,0,0,0,1,0,2,0,2,4.9856453,-5.397702,0.32531786,2.311763,0.80618894
396.7,0,0,3,9,18,32,4,0,0,0,0,1,1,0,1,3,7.2200613,-0.20830321,0.64156985,3.7282298,0.46817464
308.52,0,0,2,6,15,24,3,0,0,0,0,1,1,0,1,2,6.2951794,-0.6067257,0.6155341,3.585406,0.983729
398.7,0,0,3,9,18,34,4,0,0,0,0,1,0,0,1,3,7.2251005,-0.123472095,0.5274611,3.4544666,0.2955907
412.7,0,0,3,9,19,36,4,0,0,0,0,1,0,0,1,3,7.554573,0.009231091,0.66475224,3.2213647,0.5697521
392.6,0,0,2,8,20,32,4,0,0,0,0,1,2,0,1,3,7.0959425,-0.611171,0.5974283,2.711758,0.88790154
428.7,0,0,2,6,23,32,4,0,0,0,0,2,1,0,1,3,7.8606024,-1.9848304,0.7067061,3.3456826,-0.1088554
426.7,0,0,3,10,19,34,5,0,0,0,0,1,1,0,1,4,6.866959,-0.5108528,0.844198,3.4419563,0.14326221
484.9,0,0,4,12,21,40,5,0,0,0,0,1,1,0,1,4,7.7180853,-0.007203698,0.59325296,3.0466037,0.018165836
338.54,0,0,2,7,16,26,4,0,0,0,0,1,1,0,1,3,5.9692755,-0.8927225,0.94042134,3.8812358,0.10255562
392.7,0,0,2,10,21,36,3,0,0,0,0,1,1,0,1,2,7.9586916,-0.0029640198,0.92590296,3.2661505,0.08847697
522.9,0,0,3,15,27,50,4,0,0,0,0,1,1,0,1,3,10.570061,0.06288779,0.4562907,0.45464817,2.4775698
352.7,0,0,2,11,19,36,2,0,0,0,0,1,0,0,0,2,8.054669,0.62937033,0.23524547,3.571808,0.08417812
408.7,0,0,2,10,21,36,4,0,0,0,0,1,1,1,1,3,7.293171,-0.60805964,0.7139072,2.6981173,0.19401179
427.1,0,0,2,10,21,35,3,0,0,1,0,1,1,0,1,2,7.7729654,-0.39396036,0.7480562,2.9464808,0.1694649
524.8,0,0,2,11,30,44,4,0,0,0,0,2,2,0,1,3,10.199225,-1.1960249,0.41141632,0.56430537,2.2205944
538.9,0,0,3,15,27,50,5,0,0,0,0,1,1,1,1,4,10.209109,-1.9883691,0.29564977,0.9034782,-0.24558502
422.7,0,0,2,11,22,38,4,0,0,0,0,1,1,0,1,3,7.7548275,-0.21401095,0.60015154,3.413849,0.13984096
364.7,0,0,2,10,20,36,2,0,0,0,0,1,1,0,0,2,8.475625,0.5349977,0.5114556,3.185089,0.7049401
352.6,0,0,2,7,17,28,4,0,0,0,0,1,1,0,1,3,6.282578,-0.87478745,0.7088027,3.8734841,0.64203745
392.7,0,0,2,10,21,36,3,0,0,0,0,1,1,0,1,2,7.9586916,-0.0029640198,0.88562137,2.749375,-0.33945686
396.7,0,0,3,9,18,32,4,0,0,0,0,1,1,0,1,3,7.2200613,-0.20830321,0.65598387,3.5405524,0.20744689
484.9,0,0,4,12,21,40,5,0,0,0,0,1,1,0,1,4,7.7180853,-0.007203698,0.66779906,3.7224426,-0.1593002
364.7,0,0,2,6,20,36,2,0,0,0,0,1,1,0,0,2,8.502973,0.3573711,0.60480636,3.044999,0.38833824
308.56,0,0,2,7,16,28,2,0,0,0,0,1,1,0,0,2,6.99634,-0.03859806,0.13325891,3.4783127,0.42588484
414.7,0,0,3,10,18,34,5,0,0,0,0,1,0,0,1,4,6.620587,-0.66130686,0.4793974,4.115914,0.30978063
268.38,0,0,1,5,13,20,4,0,0,0,0,1,0,0,1,3,3.4893107,-2.5754492,1.0095379,2.140692,8.098294
428.7,0,0,3,10,19,36,5,0,0,0,0,1,0,0,1,4,6.7731085,-0.65247345,0.340687,3.7891552,-0.19005121
340.56,0,0,2,7,16,28,4,0,0,0,0,1,0,0,1,3,5.928264,-0.8756851,0.9665803,3.5974984,0.2056229
555.0,0,1,5,15,21,50,7,0,0,0,0,0,0,0,2,5,6.6044283,-0.40366817,0.49331468,3.232377,0.3250973
629.2,0,1,6,18,24,60,7,0,0,0,0,0,0,0,1,6,8.175247,0.18331897,0.7942808,3.4702852,0.27828473
541.1,0,1,5,15,21,52,6,0,0,0,0,0,0,0,1,5,7.5409155,-0.03435123,0.56956387,3.8113735,0.38810694
452.9,0,1,4,12,18,44,5,0,0,0,0,0,0,0,1,4,6.5178714,-0.19323277,0.73670334,3.9475038,-0.43670866
585.1,0,1,5,15,22,52,8,0,0,0,0,0,0,0,2,6,6.2966347,-0.72510946,0.7920795,3.55949,0.58862656
643.2,0,1,6,18,24,58,8,0,0,0,0,0,0,0,2,6,7.060109,-0.20574439,0.7100821,3.6516507,0.65578586
392.67,0,0,3,9,15,32,6,0,0,0,0,0,0,0,2,3,4.1572304,-2.1041405,1.1843002,2.4945927,16.52432
765.4,0,1,5,12,36,80,7,0,0,0,0,0,0,0,2,5,11.986224,0.029597998,0.15541954,0.47306046,1.2945335
571.1,0,1,5,16,22,54,7,0,0,0,0,0,0,0,1,6,6.9482803,-1.0266184,0.5028446,3.8408144,0.60433495
482.9,0,1,4,13,19,46,6,0,0,0,0,0,0,0,1,5,5.428917,-1.6047113,0.48498452,3.751546,-0.4612639
919.7,0,0,8,24,36,86,11,0,0,0,0,0,0,0,0,11,9.813025,-5.8844438,0.15906247,2.2147853,0.772282
482.9,0,0,4,13,19,46,6,0,0,0,0,0,0,0,0,6,5.112884,-3.2233896,0.41536465,3.9508379,0.36847228
366.6,0,0,2,9,15,34,6,0,0,0,0,0,0,0,0,6,2.7168608,-5.639309,0.40808794,1.0422705,9.17073
424.8,0,0,3,11,17,40,6,0,0,0,0,0,0,0,0,6,3.7485108,-4.6608887,0.44320506,2.3254538,17.857868
993.9,0,0,9,27,39,96,11,0,0,0,0,0,0,0,0,11,11.153828,-4.5770745,0.20176108,0.58862126,1.0776578
1372.6,0,0,12,36,54,130,16,0,0,0,0,0,0,0,0,16,11.964937,-7.1756163,0.12713067,0.48647016,2.1708019
378.68,0,0,3,9,15,34,5,0,0,0,0,0,0,0,0,5,3.777768,-3.7246203,0.4569584,2.661362,10.48683
496.9,0,0,4,13,20,48,6,0,0,0,0,0,0,0,0,6,5.3393745,-3.3677113,0.51280487,4.042098,0.37683845
454.8,0,0,3,12,18,42,7,0,0,0,0,0,0,0,0,7,3.270064,-5.3346534,0.2927744,1.1984226,10.718234
687.3,0,0,6,18,27,66,8,0,0,0,0,0,0,0,0,8,7.9244914,-3.854786,0.31627914,4.145795,-0.36934564
394.72,0,0,3,11,16,38,5,0,0,0,0,0,0,0,0,5,4.2883143,-3.221808,0.7405758,3.7975864,0.30523315
831.6,0,0,7,22,33,78,10,0,0,0,0,0,0,0,0,10,9.191295,-5.8364387,0.06232562,2.2455244,-0.8047241
743.4,0,0,6,20,30,70,9,0,0,0,0,0,0,0,0,9,8.418263,-5.470099,0.17603411,3.076982,0.37151712
1677.1,0,0,14,42,66,154,21,0,0,0,0,0,0,0,0,21,6.6434436,-10.842941,0.26288113,-0.55979604,-1.40195
1298.4,0,0,11,33,51,120,16,0,0,0,0,0,0,0,0,16,10.343537,-8.062452,0.30079886,0.89086133,-1.93208
1008.0,0,0,9,27,40,98,11,0,0,0,0,0,0,0,0,11,11.39496,-4.4652514,0.44172996,0.21463929,0.46062994
965.9,0,0,9,27,37,92,11,0,0,0,0,0,0,0,0,11,10.651585,-4.496395,0.1446715,1.0874629,1.8517468
819.5,0,0,4,25,43,94,6,0,0,0,0,0,0,0,0,6,14.173573,-0.8778684,0.6770529,-0.5792932,0.836084
585.1,0,0,5,15,23,56,7,0,0,0,0,0,0,0,0,7,6.0379243,-3.435657,0.29666474,4.1308327,-0.78493315
438.9,0,0,4,12,17,42,5,0,0,0,0,0,0,0,0,5,5.5175657,-1.9034379,0.44225147,3.6290276,1.4166217
282.48,0,0,2,6,13,22,3,0,0,0,0,1,0,0,1,2,5.4427633,-0.03262925,1.2426869,3.6406474,0.84860736
370.66,0,0,3,9,16,30,4,0,0,0,0,1,0,0,1,3,6.7032843,-0.23547398,0.55530834,3.6603596,0.24414438
224.33,0,0,1,4,11,16,3,0,0,0,0,1,0,0,1,2,3.5921278,-1.7527567,1.1653101,2.8077445,1.6828415
366.6,0,0,2,10,19,34,3,0,0,0,0,1,0,0,1,2,7.0951657,-0.20652223,0.9370432,3.626585,0.34201774
496.9,0,0,3,15,25,48,4,0,0,0,0,1,0,0,1,3,9.899757,0.3995837,0.50308055,0.80366087,-0.4205037
296.51,0,0,2,7,14,24,3,0,0,0,0,1,0,0,1,2,6.0871644,-0.1537453,1.0760515,4.0467277,0.37973708
252.38,0,0,1,5,13,20,3,0,0,0,0,1,0,1,1,2,4.0525265,-2.3171954,1.061057,3.407926,0.94850606
208.33,0,0,1,4,11,16,2,0,0,0,0,1,0,0,1,1,4.105908,-1.4370625,1.0534904,2.8973126,2.8657527
236.38,0,0,1,4,13,20,2,0,0,0,0,1,0,0,1,1,4.4891543,-1.6974639,0.97927034,2.8723576,0.81769097
250.41,0,0,1,4,14,22,2,0,0,0,0,1,0,0,1,1,4.8467913,-1.8976818,0.89583236,3.5010161,0.69596595
222.35,0,0,1,4,12,18,2,0,0,0,0,1,0,0,1,1,4.2563577,-1.5805839,1.2388995,2.7797709,4.096151
224.33,0,0,1,4,11,16,3,0,0,0,0,1,0,0,1,2,3.5921278,-1.7527567,1.056764,2.627611,5.9801846
278.46,0,0,1,6,16,26,2,0,0,0,0,1,0,0,1,1,5.9279494,-1.1551999,0.94280934,3.3435779,0.48035914
266.41,0,0,1,6,14,22,3,0,0,0,0,1,0,0,1,2,4.7016954,-0.9684842,1.1685854,3.4864035,1.114419
252.38,0,0,1,5,13,20,3,0,0,0,0,1,0,1,1,2,4.0525265,-2.3171954,1.0385046,3.391071,-0.29418626
210.26,1,0,1,2,9,10,4,0,0,0,0,1,0,0,1,3,1.4115546,-2.034278,1.4906365,0.45091295,10.126765
179.22,1,0,1,1,8,7,3,0,0,0,0,1,0,0,1,2,1.5883508,-1.9972669,0.010695089,0.6848415,25.886055
194.26,1,0,1,2,9,10,3,0,0,0,0,1,0,0,1,2,1.9161665,-1.940286,0.59639037,0.82039785,12.712174
256.33,1,0,1,1,14,12,3,0,0,0,0,2,0,0,1,2,2.8672626,-2.5352144,1.0079424,1.507408,2.5009692
224.28,1,0,1,2,10,12,4,0,0,0,0,1,0,0,1,3,1.6284215,-2.028799,0.52671105,0.75840706,9.811942
236.34,0,0,1,4,12,16,3,0,0,0,0,1,0,0,2,1,3.1422412,-3.365587,1.1976516,1.7162819,27.871658
210.3,0,0,1,3,10,14,3,0,0,0,0,1,0,1,1,2,3.099361,-2.7752845,1.240608,1.6362319,90.68857
256.33,0,0,1,4,11,16,5,0,0,0,0,1,0,0,1,4,2.434214,-3.7773209,1.0871159,1.1289656,8.147169
298.48,0,0,2,6,13,22,4,0,0,0,0,1,0,0,1,3,4.581926,-0.5468266,0.89317375,3.7013288,0.47565365
300.45,0,0,2,6,12,20,5,0,0,0,0,0,2,0,2,4,2.6936784,-1.626684,1.2114486,2.8802648,1.4484899
316.58,0,1,2,10,15,32,3,0,0,0,0,0,1,0,1,2,5.4589295,0.51174295,0.8876929,3.804956,0.5193518
232.42,0,1,2,6,9,20,3,0,0,0,0,0,1,0,1,2,4.0011325,0.46969485,1.0860001,2.7762344,2.781151
334.57,0,1,2,10,15,31,3,1,0,0,0,0,1,0,1,2,5.435201,0.5105449,1.1278083,3.3513176,1.4707509
250.41,0,1,2,6,9,19,3,1,0,0,0,0,1,0,1,2,4.063957,0.61480594,1.078614,2.3435667,3.0915086
316.58,1,1,2,7,15,32,3,0,0,0,0,0,1,0,1,1,6.5624485,-0.30608582,0.8978809,2.7427237,1.3524036
320.6,0,1,3,9,12,28,4,0,0,0,0,0,1,0,1,3,4.596015,0.551504,0.91068643,3.866119,0.7310994
248.42,0,1,2,6,9,20,4,0,0,0,0,0,0,1,1,3,2.2986355,-1.7812078,0.73231167,0.90934026,105.99802
457.9,0,0,4,12,20,43,3,0,1,0,0,1,0,0,0,3,7.691661,-0.5881237,0.28090745,4.0187254,0.49899772
369.7,0,0,3,9,17,35,2,0,1,0,0,1,0,0,0,2,6.3547525,-1.3369446,0.77271545,3.7429004,0.22183274
471.9,0,0,4,12,21,45,3,0,1,0,0,1,0,0,0,3,7.907315,-0.5223416,0.4210658,2.7397451,0.47104084
413.8,0,0,3,11,19,39,3,0,1,0,0,1,0,0,0,3,6.2400985,-2.2038186,0.244828,4.0450296,-0.40912014
530.1,0,0,5,15,23,51,3,0,1,0,0,1,0,0,0,3,9.05455,0.4062016,0.49128544,1.0766274,0.6673003
441.9,0,0,4,12,20,43,2,0,1,0,0,1,0,0,0,2,8.437817,0.21228325,0.48529506,3.1334813,0.6523641
369.7,0,0,3,9,17,35,2,0,1,0,0,1,0,0,0,2,6.3547525,-1.3369446,0.33951667,3.6711912,0.15044637
427.8,0,0,3,11,20,41,3,0,1,0,0,1,0,0,0,3,6.596613,-2.1296287,0.34907967,3.6550322,0.71776557
399.7,0,0,3,10,18,37,3,0,1,0,0,1,0,0,0,3,6.007004,-2.4746108,0.36607125,3.8166401,-0.34060165
381.7,0,0,2,10,20,39,2,0,1,0,0,1,0,0,0,2,6.855252,-1.4775817,0.34619936,3.5216274,-0.16265377
297.54,0,0,2,6,14,27,2,0,1,0,0,1,0,0,0,2,5.2978845,-2.7333848,0.8620945,3.5824413,0.6511771
397.7,0,0,2,10,20,39,3,0,1,0,0,1,0,1,0,3,6.328666,-4.497479,0.4872414,3.809839,-0.12031502
626.2,0,0,4,20,32,67,3,0,1,0,0,1,0,0,0,3,12.09456,0.021708727,0.42723984,0.70237875,-0.37052986
496.0,0,0,3,15,26,53,2,0,1,0,0,1,0,0,0,2,10.523784,0.13313842,0.62361413,0.66659886,-0.18959352
209.32,0,0,1,3,10,15,2,0,1,0,0,1,0,0,1,1,3.5108266,-3.7916574,1.2490782,2.6871371,2.208648
281.5,0,0,2,6,13,23,2,0,1,0,0,1,0,0,1,1,4.6646404,-2.386974,0.97000855,3.865836,0.20027213
251.35,0,0,1,4,12,17,3,0,1,0,0,1,0,0,2,1,3.4174368,-5.2315135,1.3299284,2.8563354,1.869953
209.32,0,0,1,3,10,15,2,0,1,0,0,1,0,1,1,1,3.547603,-4.6800213,1.0391926,2.6506577,1.9556783
193.27,1,0,1,2,9,11,2,0,1,0,0,1,0,0,1,1,2.7898314,-3.5461023,0.77871466,1.8001344,38.186337
237.37,0,0,1,4,12,19,2,0,1,0,0,1,0,0,1,1,3.955334,-4.1054077,1.2167143,2.8003838,1.6542796
271.46,0,0,2,7,10,21,2,0,3,0,0,1,0,0,0,2,3.3686774,-2.372762,1.018413,2.0124006,12.5379925
355.62,0,0,2,11,16,33,2,0,3,0,0,1,0,0,0,2,5.14014,-2.516387,0.97636837,3.64444,0.07532793
325.43,0,0,2,6,10,18,2,3,3,0,0,1,0,0,0,2,3.4263468,-2.0676053,1.1283265,2.19166,17.605488
344.63,0,0,3,9,13,28,3,0,2,0,0,1,0,0,0,3,4.3579235,-1.8745612,1.0169282,2.9568753,1.0791286
470.9,0,0,3,15,22,46,3,0,2,0,0,1,0,0,0,3,7.8679633,-1.0403835,0.6678996,3.1270325,0.5984952
343.64,0,0,3,9,13,29,2,0,3,0,0,1,0,0,0,2,4.571494,-1.7502068,0.0053938148,3.627072,0.36107138
256.45,0,0,2,6,10,20,2,0,2,0,0,1,0,0,0,2,3.68966,-2.0286076,0.94088286,2.4700892,6.2430325
340.61,0,0,2,10,16,32,2,0,2,0,0,1,0,0,0,2,5.463476,-2.3501008,1.0884061,3.1109679,0.92435026
469.9,0,0,3,15,22,47,2,0,3,0,0,1,0,0,0,2,8.490321,-0.6072264,0.31128028,2.3826663,1.0839899
290.89,0,0,2,6,10,19,2,0,2,1,0,1,0,0,0,2,4.117874,-1.2321221,1.1136359,2.8586838,1.2778007
358.65,0,0,3,9,14,30,3,0,2,0,0,1,0,0,0,3,4.6641054,-2.0598392,1.044305,3.6420157,0.77340895
270.47,0,0,2,7,11,22,2,0,2,0,0,1,0,0,0,2,3.9005094,-1.8557804,1.0796587,3.1176598,4.60485
314.53,0,0,2,7,13,26,3,0,2,0,0,1,0,0,0,3,3.6701548,-3.328423,1.191538,3.1942165,-0.022366345
324.45,0,0,2,6,11,19,2,3,2,0,0,1,0,0,0,2,4.059508,-1.3410734,2.0906038,3.220384,1.8156632
328.63,0,0,3,9,13,28,2,0,2,0,0,1,0,0,0,2,5.032751,-1.4278429,1.2103922,3.8073144,0.776013
226.35,0,0,1,5,10,18,2,0,2,0,0,1,0,0,0,2,3.211575,-3.4128644,1.0947294,2.076806,8.198478
354.6,0,0,2,11,17,34,2,0,2,0,0,1,0,0,0,2,5.6375203,-2.3629146,1.2734052,4.0884914,0.27063757
286.47,0,0,2,6,11,22,3,0,2,0,0,1,0,1,0,3,3.3204393,-4.2392597,1.2444254,1.8049567,48.041218
196.32,0,0,1,5,9,16,1,0,2,0,0,1,0,0,0,1,3.534983,-2.1483433,1.3176177,2.5799303,18.449966
347.71,0,1,3,9,15,37,2,0,1,0,0,0,0,0,1,1,6.273451,-0.17837334,1.2541254,3.6379128,0.06652139
347.71,0,1,3,10,15,37,2,0,1,0,0,0,0,0,1,1,6.318335,-0.1856618,1.0059198,4.0007753,-1.096008
333.69,0,1,3,10,14,35,2,0,1,0,0,0,0,0,1,1,6.0228243,-0.06002176,1.0173622,3.8793433,0.4661926
362.73,0,1,3,9,15,38,2,0,2,0,0,0,0,0,1,1,4.659496,-2.4542348,1.5424294,3.8320239,-0.42310098
275.53,0,1,2,7,12,29,2,0,1,0,0,0,0,0,1,1,3.882278,-1.3770847,1.022699,2.611691,2.4664636
365.73,0,1,3,9,15,39,3,0,1,0,0,0,0,0,0,3,4.1459546,-1.7985796,0.31665167,2.6530674,3.571339
263.52,0,1,2,7,11,29,2,0,1,0,0,0,0,0,0,2,3.439666,-1.7873912,0.31330004,2.3452752,1.7647704
290.52,1,1,1,6,14,34,2,0,2,0,0,0,0,0,0,2,4.254141,-5.094249,0.31662217,3.164605,0.74047685
189.37,1,1,1,5,9,23,1,0,1,0,0,0,0,0,0,1,3.2095425,-2.3845458,0.60539603,3.2846837,0.79554915
492.0,0,1,3,9,24,57,3,0,1,0,0,0,0,0,0,3,8.499713,-0.029652,0.64269304,2.0324228,0.2983989
277.55,0,1,2,7,12,31,2,0,1,0,0,0,0,0,0,2,3.6134057,-1.8035971,0.14843032,2.153316,3.7702649
321.68,0,1,3,9,13,35,2,0,1,0,0,0,0,0,0,2,4.4955716,-0.50680983,0.29032084,2.5107658,1.6878726
351.7,0,1,3,9,14,37,3,0,1,0,0,0,0,0,0,3,3.9597085,-1.7577868,0.14648499,2.8400455,0.102426544
305.6,0,1,2,7,14,35,2,0,1,0,0,0,0,0,0,2,3.9843338,-1.7956667,0.42801884,2.6688123,1.4309512
307.58,1,1,2,7,13,33,3,0,1,0,0,0,0,0,0,2,4.1912494,-3.6521237,0.67553455,3.83706,0.100006536
385.7,0,0,3,10,17,35,3,0,1,0,0,1,0,0,0,3,5.8864727,-2.253772,0.32247674,3.9435563,0.47850204
384.7,0,0,3,10,17,36,2,0,2,0,0,1,0,0,0,2,5.8129864,-2.3789418,0.72839344,3.362374,0.38739836
297.54,0,0,2,8,14,27,2,0,1,0,0,1,0,0,0,2,5.4068813,-1.635115,1.1824342,3.7340024,-0.5537181
223.34,0,0,1,4,11,17,2,0,1,0,0,1,0,0,0,2,3.5927596,-3.5912268,1.1745867,1.21256,0.15932511
512.0,0,0,3,16,26,53,3,0,1,0,0,1,0,0,0,3,9.895442,-0.3583585,0.56784034,0.7724641,-0.4175871
396.7,0,0,2,11,20,40,2,0,2,0,0,1,0,0,0,2,5.908189,-4.127098,0.70507747,2.6631393,0.81853825
413.7,0,0,2,10,20,39,4,0,1,0,0,1,0,2,0,4,5.6685457,-5.8361964,0.48055223,2.6460047,1.190763
281.42,1,1,1,6,14,23,3,0,1,0,0,1,0,0,0,3,3.6861465,-3.3711731,0.9489099,1.1188239,1.0854416
396.7,0,0,2,11,20,40,2,0,2,0,0,1,0,0,0,2,5.908189,-4.127098,0.7232352,3.0346293,0.25759935
482.7,1,1,3,6,18,26,8,0,2,0,0,2,0,0,0,0,6.517688,-3.7508216,1.6903405,3.4496808,-0.052806173
408.51,1,1,2,4,16,20,7,0,2,0,0,2,0,0,0,0,5.721253,-4.2275057,1.3885547,3.1022954,1.8965225
421.7,0,0,3,9,19,31,4,0,1,0,0,2,0,0,1,3,6.7923203,-1.892793,1.2206315,3.6699083,0.7266113
333.53,0,0,2,6,16,23,3,0,1,0,0,2,0,0,1,2,5.1027923,-3.9633484,0.9504,3.6904497,0.7272143
363.6,0,0,2,7,17,25,4,0,1,0,0,2,0,0,1,3,4.9549317,-4.2183423,1.0709549,3.7576313,0.7904824
417.7,0,0,2,10,22,35,3,0,1,0,0,2,0,0,1,2,7.6132917,-1.5774189,0.9762538,3.602582,0.48339286
547.9,0,0,3,15,28,49,4,0,1,0,0,2,0,0,1,3,10.129249,-1.3770633,0.26775312,0.8175813,-0.419538
317.5,0,0,1,6,17,23,3,0,1,0,0,2,0,0,1,2,4.80231,-4.568978,1.2341931,3.4727087,1.9173563
347.5,0,0,1,6,19,26,2,1,1,0,0,2,0,0,1,1,5.6455545,-4.5392356,1.0094738,3.1124587,1.4934981
249.57,1,1,3,9,9,27,1,0,1,0,0,0,0,0,0,1,5.5040846,0.5182661,0.8271336,3.7653823,0.66484445
321.75,1,1,4,11,12,35,1,0,1,0,0,0,0,0,0,1,7.053661,-0.001222372,0.9581207,3.49236,-0.011343152
613.2,0,0,6,18,24,60,6,0,0,0,0,0,0,0,0,6,7.7755966,0.061400052,0.51096064,3.1053433,-0.095976874
525.1,0,0,5,15,21,52,5,0,0,0,0,0,0,0,0,5,7.2736845,-0.12058425,0.3205271,3.6571198,0.050761048
436.9,0,0,4,12,18,44,4,0,0,0,0,0,0,0,0,4,6.743123,-0.21287012,0.29863906,3.5902948,-0.30998176
555.1,0,0,5,16,22,54,6,0,0,0,0,0,0,0,0,6,6.652315,-1.0244547,0.449544,4.3710318,-0.09909574
484.9,0,0,4,8,22,44,4,0,0,0,0,0,4,0,0,4,7.863493,-0.017712593,0.16500218,3.4212291,0.39874482
456.8,0,0,3,0,24,36,3,0,0,0,0,0,9,0,0,3,9.002311,-0.0676589,-0.062213644,3.4095528,-0.27797866
384.7,0,0,3,6,18,36,3,0,0,0,0,0,3,0,0,3,6.7229853,-0.17520118,0.34886405,3.4777668,1.0759828
581.0,0,0,4,0,30,44,4,0,0,0,0,0,12,0,0,4,10.400113,0.13699543,0.07946219,1.6319577,0.70400274
513.0,0,1,5,15,20,52,5,0,0,0,0,0,0,0,0,5,7.4402266,0.13668251,0.5195376,3.195174,0.3010488
615.3,0,1,6,18,24,62,6,0,0,0,0,0,0,0,0,6,8.405106,0.3134669,0.50962734,2.9196277,0.45277846
527.1,0,1,5,16,21,54,5,0,0,0,0,0,0,0,0,5,7.8717575,0.2896793,0.49263933,3.5023277,0.54253024
424.9,0,1,4,12,17,44,4,0,0,0,0,0,0,0,0,4,6.1975155,0.16792488,0.64306587,3.7704022,-0.02325509
699.4,0,1,6,18,30,74,6,0,0,0,0,0,0,0,0,4,11.771001,1.1921353,-0.024651226,0.36039576,1.4363505
270.27,1,1,1,3,10,11,1,5,0,0,0,1,0,0,0,1,4.53732,0.13731551,1.5702398,3.7484307,1.1880367
298.32,1,1,1,3,12,15,1,5,0,0,0,1,0,0,0,1,4.8935885,0.041834235,1.3508437,3.6180472,0.13158992
284.3,1,1,1,3,11,13,1,5,0,0,0,1,0,0,0,1,4.6866426,0.08449745,1.2166578,3.612041,1.1015049
256.24,1,1,1,3,9,9,1,5,0,0,0,1,0,0,0,1,4.4133224,0.22265446,1.9736477,3.5399501,0.63700014
282.28,1,1,1,2,11,11,1,5,0,0,0,1,1,0,0,1,4.603933,0.13070476,0.94273686,3.3667326,0.44590133
330.32,1,1,1,3,12,15,3,5,0,0,0,1,0,0,0,3,3.459292,-1.6979431,1.0198376,2.4212565,9.051066
304.26,1,1,1,2,10,10,2,6,0,0,0,1,0,0,0,2,3.85333,-0.5542867,1.169909,2.4776073,7.420862
452.32,1,1,1,2,16,10,2,10,0,0,0,2,0,0,0,2,5.217105,-2.729603,1.327467,4.2077093,0.46368793
362.31,1,1,1,3,13,13,2,7,0,0,0,1,1,0,0,2,4.4709573,-0.21022367,0.8869168,3.681377,0.7609674
288.24,1,1,1,3,9,9,3,5,0,0,0,1,0,0,0,3,2.6781757,-1.8169885,1.7292259,1.8788955,8.233917
366.28,1,1,1,2,12,10,2,8,0,0,0,1,1,0,0,2,4.3048143,-0.014402747,1.1578933,3.076908,1.5999154
320.71,1,1,1,2,10,10,2,5,0,1,0,1,0,0,0,2,3.918224,-0.5817168,1.3334225,2.641778,2.787159
326.33,1,1,1,2,13,15,2,5,0,0,0,1,1,0,0,2,4.4296055,-0.4712062,0.60430443,3.4039776,0.5108178
284.25,1,1,1,2,10,9,2,5,0,0,0,1,1,0,0,2,3.8133464,-0.4806744,1.0797414,3.1791065,0.42838708
354.49,0,0,2,6,14,22,2,4,0,0,0,1,0,0,0,2,6.920257,0.3737272,0.2826726,3.9160402,0.53892386
356.67,1,1,1,1,10,5,1,8,0,1,0,1,1,0,0,1,4.399819,0.069464564,1.3985295,3.0879214,1.1418539
344.66,1,1,1,1,9,5,1,8,0,1,0,1,0,0,0,1,4.282607,0.03991556,1.1757208,2.8734155,1.4723177
354.27,1,1,1,2,11,10,2,8,0,0,0,1,0,0,0,2,4.146688,-0.23636268,1.1387258,3.4198031,1.9417584
312.31,1,1,1,2,12,13,2,5,0,0,0,1,1,0,0,2,4.2484713,-0.47352183,0.8693081,3.8079615,0.3221611
320.71,1,1,1,2,10,10,2,5,0,1,0,1,0,0,0,2,3.918224,-0.5817168,1.2597873,2.7985053,3.7098668
424.26,1,1,1,1,14,6,2,10,0,0,0,2,0,1,0,2,4.760295,-3.5531788,1.2350715,3.2890315,0.44418222
328.35,1,1,1,3,13,17,2,5,0,0,0,1,0,0,0,2,4.480543,-0.52313554,1.2077318,3.4847517,0.67028946
474.6,0,0,2,6,18,30,6,4,0,0,0,1,0,0,0,6,4.142918,-5.570334,0.8661067,3.110755,0.657702
520.28,1,1,1,2,12,12,2,16,0,0,0,0,0,0,0,2,5.421191,3.3416665,1.8233856,2.927959,0.5043523
304.25,1,1,1,3,8,12,1,8,0,0,0,0,0,0,0,1,4.99542,2.4521048,2.6803932,3.248259,2.5435092
322.24,1,1,1,3,8,11,1,9,0,0,0,0,0,0,0,1,5.048559,2.6513965,2.8439796,3.4892533,0.616832
356.45,0,1,2,6,11,22,2,6,0,0,0,0,0,0,0,2,5.056351,1.4122177,2.3988018,3.4699621,-1.0415181
368.27,1,1,1,3,9,13,3,9,0,0,0,0,0,0,0,3,3.658596,0.58371735,1.8435217,2.591761,3.0451326
848.4,1,1,2,3,18,15,3,27,0,0,0,0,0,0,0,3,9.593784,6.631455,1.6317627,2.9354448,0.51218605
312.32,1,1,1,3,10,18,2,6,0,0,0,0,0,0,0,2,4.388054,0.8770008,1.8235935,3.064809,-0.061354388
250.28,1,1,1,3,8,15,1,5,0,0,0,0,0,0,0,1,4.7578077,1.6954483,1.3316109,3.2208762,1.2614218
350.59,1,0,4,7,8,21,4,3,0,0,0,0,0,0,0,0,7.0885835,2.9878223,2.267757,3.3685982,0.6513765
297.6,1,0,4,7,7,23,4,0,1,0,0,0,0,0,0,0,5.103223,0.14898491,2.260237,3.6601524,-1.1267676
770.4,0,0,6,15,34,67,7,0,1,0,0,1,1,0,1,6,10.041185,-5.6107244,0.0206663,1.5981265,0.7532776
698.2,0,0,5,12,31,59,7,0,1,0,0,1,1,0,1,6,8.25233,-7.0860906,0.28047445,3.287978,0.13869567
303.22,0,1,1,3,11,15,3,0,0,0,1,0,0,0,0,0,4.0728955,-1.315739,1.4692413,3.0872588,0.66867334
361.48,1,0,4,7,7,21,4,0,0,0,1,1,0,0,1,2,6.3696647,1.7062075,2.4249215,3.9570308,-1.6953968
426.35,1,0,4,6,6,18,4,0,0,0,2,0,0,0,0,0,6.3620214,1.247936,2.4612262,3.3563368,-0.30923262
291.23,1,1,1,4,11,16,1,1,0,0,1,1,0,0,0,1,5.363751,0.15626085,1.638112,3.429641,0.69514483
289.22,1,1,1,2,11,14,1,1,0,0,1,1,1,0,0,1,5.1284595,0.047379255,1.1859559,3.71719,0.87018883
347.34,1,1,1,3,15,24,1,1,0,0,1,1,0,0,0,1,6.591968,-0.48580992,1.4089121,3.5327907,0.7567427
305.26,1,1,1,3,12,18,1,1,0,0,1,1,0,0,0,1,5.699989,0.1002295,1.5766226,3.4779823,0.36451447
415.2,1,1,1,2,14,9,1,6,0,0,1,2,0,0,0,1,6.5319514,-0.6474434,1.8327962,4.02833,-0.3787325
332.06,1,1,1,2,9,10,1,1,0,2,1,1,0,0,0,1,4.73368,-0.4532193,1.5874408,3.397097,1.683958
245.19,1,1,1,3,9,13,1,0,0,0,1,1,0,0,0,1,4.6555824,-0.038614154,1.5496253,3.6543334,0.7937127
287.27,1,1,1,5,12,19,1,0,0,0,1,1,0,0,0,1,5.9946003,0.19191813,1.4377236,3.7005503,0.4169342
279.63,1,1,1,2,9,12,1,0,0,1,1,1,0,0,0,1,4.578259,-0.25243628,1.2192466,3.7254884,0.920939
271.22,1,1,1,2,11,15,1,0,0,0,1,1,1,0,0,1,5.0709066,0.0040705204,0.9133914,3.3805633,0.11053153
366.16,1,1,1,5,12,18,1,0,0,0,2,1,0,0,0,1,6.351773,-0.55520225,2.0658638,4.2301908,-1.766433
323.25,1,1,1,5,12,17,1,2,0,0,1,1,0,0,0,1,6.1981916,0.10588181,1.619894,3.7931254,0.0058855442
320.17,1,1,2,4,6,16,1,0,0,0,2,0,0,0,0,0,6.060187,0.50162745,2.4593377,3.8850946,-0.35516497
468.48,1,1,4,8,10,28,3,0,0,0,2,0,0,0,0,0,7.6020923,1.7931808,2.257117,3.0013933,0.9047605
440.42,1,1,4,8,8,24,3,0,0,0,2,0,0,0,0,0,7.0788517,1.9153161,2.6011157,2.7469618,-0.39201677
315.43,1,1,3,7,8,23,2,0,0,0,1,0,0,0,0,0,6.529178,1.3600667,1.9271215,3.4941988,-0.3709106
621.52,1,1,5,9,12,33,4,0,0,0,3,0,0,0,0,0,8.871984,2.3449147,2.3931637,2.606946,0.5042258
361.53,1,1,4,7,8,25,3,0,0,0,1,0,0,2,0,0,6.9351854,1.9113071,0.3908943,4.008377,-0.45903188
334.36,0,0,2,6,10,20,1,0,3,0,1,1,0,0,0,1,4.4142904,-2.3081188,2.2858584,2.6792595,-0.2652619
289.24,0,0,1,6,10,17,1,0,2,0,1,1,0,0,0,1,4.377142,-2.2128325,2.309249,3.3346684,4.1015973
550.5,1,1,3,6,18,26,4,0,0,0,2,2,0,0,0,2,8.895563,-0.033559084,0.93144834,2.9293015,0.06822383
476.3,1,1,2,4,16,20,3,0,0,0,2,2,0,0,0,2,6.8484893,-0.5947076,0.6502198,3.7428768,-0.15164396
303.27,1,1,1,3,12,19,2,0,0,0,1,1,0,0,0,2,4.57445,-0.3729068,1.1964664,3.6841385,1.9074035
402.15,1,1,1,2,14,14,2,0,0,0,2,2,0,0,0,2,6.286585,-0.7415407,0.96683395,3.4949257,-0.0339875
444.2,1,1,1,2,17,20,2,0,0,0,2,2,0,0,0,2,6.5227995,-0.76051104,1.0123322,3.5827076,0.99512947
391.18,1,0,5,9,9,27,5,0,0,1,0,0,0,0,0,0,7.5514355,2.0343883,2.379748,3.6613188,0.9165982
411.6,1,0,5,8,8,24,5,0,0,2,0,0,0,0,0,0,7.3823547,1.8692143,2.527647,3.2403305,0.56719124
425.67,1,1,5,10,10,30,4,0,0,2,0,0,0,0,0,0,8.327678,2.724619,2.167264,2.8575077,0.59338033
485.75,1,0,6,10,10,30,6,0,0,2,0,0,0,0,0,0,8.222124,2.3822887,1.9274985,2.6901894,0.65339595
446.1,1,1,5,9,9,27,4,0,0,3,0,0,0,0,0,0,8.089141,2.4766684,2.1584027,2.5470154,1.5593827
410.64,1,1,5,9,9,27,4,0,0,2,0,0,0,0,0,0,8.003441,2.4647148,1.0850847,2.7202108,2.790729
529.84,1,0,7,10,10,30,7,0,0,2,0,0,0,0,0,0,8.328807,2.445197,2.2628255,2.3409064,0.2576977
351.52,1,1,4,8,8,24,3,0,0,2,0,0,0,0,0,0,7.3075886,1.9833101,2.1453881,3.2420702,0.7819686
277.36,1,1,3,6,6,18,2,0,0,2,0,0,0,0,0,0,6.397927,1.5276654,2.4758387,3.3644233,0.58278364
499.8,1,1,6,12,12,36,5,0,0,2,0,0,0,0,0,0,9.694677,3.4541082,2.0838084,1.2399936,0.012150492
331.1,1,1,4,9,9,27,3,0,0,1,0,0,0,0,0,0,7.3968067,2.299741,2.4828892,3.3672154,0.17241466
316.07,1,1,4,8,8,25,3,0,0,1,0,0,0,1,0,0,7.049135,2.300619,0.38207328,3.221967,0.43772444
405.25,1,1,5,11,11,33,4,0,0,1,0,0,0,0,0,0,8.770241,3.2261562,2.3593488,2.1347883,0.7202694
479.41,1,1,6,13,13,39,5,0,0,1,0,0,0,0,0,0,9.410191,3.8962243,1.8560978,2.4946241,0.6803565
553.6,1,1,7,15,15,45,6,0,0,1,0,0,0,0,0,0,10.274383,4.437099,2.3409145,0.6254628,3.3938363
483.8,1,0,6,10,11,32,5,0,0,2,0,0,0,0,0,0,8.399948,2.5037534,2.0672748,2.917977,-0.69146675
540.7,1,1,6,10,10,30,5,0,0,4,0,0,0,0,0,0,8.82282,2.8261263,2.0076714,1.8600897,-0.831984
648.1,1,1,8,16,16,48,7,0,0,2,0,0,0,0,0,0,11.947201,4.4594293,1.9014426,0.56384355,0.05051633
574.0,1,1,7,14,14,42,6,0,0,2,0,0,0,0,0,0,10.856749,3.9306567,1.8420521,0.77269614,0.9081058
466.5,1,1,5,8,8,24,4,0,0,4,0,0,0,0,0,0,7.741501,2.1953566,2.0501206,2.6892962,0.97029066
485.75,1,0,6,10,10,30,6,0,0,2,0,0,0,0,0,0,8.222124,2.3822887,1.8770298,3.0731428,1.6713554
409.67,1,1,5,10,10,30,3,0,0,2,0,0,0,0,0,0,8.358122,2.7521026,2.1212075,2.5501213,-0.2716791
411.64,1,1,5,9,9,28,4,0,0,2,0,0,0,1,0,0,8.140295,2.6017041,0.89073145,2.9390156,0.8780404
371.9,1,1,4,7,7,21,3,0,0,3,0,0,0,0,0,0,7.0465574,1.7413033,2.5446458,3.1913323,-2.0028427
648.1,1,1,8,16,16,48,7,0,0,2,0,0,0,0,0,0,11.947201,4.4594293,2.1430156,-0.2623075,3.3193054
464.1,1,1,5,8,9,26,4,1,0,3,0,0,0,0,0,0,8.161152,2.5678046,2.039399,2.4615927,0.6555572
485.75,1,0,6,10,10,30,6,0,0,2,0,0,0,0,0,0,8.222124,2.3822887,2.3628294,2.315238,0.037547223
614.8,1,1,7,12,12,36,6,0,0,4,0,0,0,0,0,0,10.238366,3.1974013,2.2672493,1.3145739,-0.8634815
248.51,1,1,2,4,10,28,1,0,2,0,0,0,0,0,0,0,4.2699747,-4.6030455,0.55213374,3.1114755,1.5545993
353.75,1,1,4,9,12,35,3,0,1,0,0,0,0,0,0,0,7.010609,-0.17710197,0.75010926,4.0052686,0.15916637
322.67,1,1,3,6,12,34,2,0,2,0,0,0,0,0,0,0,5.1283345,-4.460913,0.6224017,3.8908353,0.7529991
279.6,1,1,3,7,10,29,2,0,1,0,0,0,0,0,0,0,6.105522,0.004297614,0.55133355,3.67835,0.27439728
205.44,1,1,2,5,8,23,1,0,1,0,0,0,0,0,0,0,4.2033305,-0.7033907,0.64980006,3.6893284,0.23449658
276.57,1,1,2,4,12,32,1,0,2,0,0,0,0,0,0,0,4.932173,-4.966186,0.5481297,3.3084695,0.63324195
502.1,1,1,6,13,16,47,5,0,1,0,0,0,0,0,0,0,9.273553,0.80868495,0.8500878,2.5613508,-0.12798773
427.9,1,1,5,11,14,41,4,0,1,0,0,0,0,0,0,0,8.103247,0.08728337,0.807259,3.4037535,-0.46869797
248.51,1,1,2,4,10,28,1,0,2,0,0,0,0,0,0,0,4.2699747,-4.6030455,0.26064965,3.505406,0.4791113
220.46,1,1,2,4,8,24,1,0,2,0,0,0,0,0,0,0,3.6802397,-3.8793066,0.44144163,2.819405,3.460547
321.68,1,1,3,6,13,35,2,0,1,0,0,0,0,0,0,0,6.872124,-0.2576648,0.71189636,3.9159553,0.35230637
413.73,1,1,3,2,14,39,5,0,3,0,0,0,0,0,0,3,4.0126567,-8.488045,0.392755,2.7527988,0.3957995
220.46,1,1,2,0,8,24,1,0,2,0,0,0,0,4,0,0,3.4371994,-4.2228475,-0.25327116,2.4624312,3.7161856
266.56,1,1,3,2,8,26,2,0,2,0,0,0,0,4,0,0,3.6173086,-3.5460165,-0.10377765,2.753958,0.31164113
339.72,1,1,4,8,11,33,3,0,1,0,0,0,0,1,0,0,6.803815,-0.16443121,0.10466563,3.6750176,0.31928402
237.52,1,1,3,0,7,23,2,0,1,0,0,0,0,3,0,0,3.5671933,-1.4296668,-0.0755805,3.2154083,-0.2710609
411.83,1,1,4,5,14,41,3,0,3,0,0,0,0,2,0,0,5.3967605,-6.4810925,-0.1898952,3.5626478,1.2634102
693.4,1,1,8,16,22,64,7,0,2,0,0,0,0,0,0,0,11.591775,-1.2307452,0.4183229,0.4934029,0.7679245
619.3,1,1,7,14,20,58,6,0,2,0,0,0,0,0,0,0,10.656223,-2.3308086,0.55836135,0.8559759,0.26649392
545.1,1,1,6,12,18,52,5,0,2,0,0,0,0,0,0,0,9.392106,-2.8725379,0.5941888,2.0247881,0.54933226
483.0,1,1,4,6,18,50,3,0,4,0,0,0,0,0,0,0,5.7105603,-8.498269,0.12496094,4.15726,0.23445648
471.0,1,1,5,10,16,46,4,0,2,0,0,0,0,0,0,0,8.043356,-2.263893,0.6411443,3.8846288,0.06508729
439.9,1,1,4,7,16,45,3,0,3,0,0,0,0,0,0,0,5.9211025,-6.4519043,0.13576688,3.7671301,-0.44950762
396.82,1,1,4,8,14,40,3,0,2,0,0,0,0,0,0,0,6.62537,-1.6354584,0.44516745,4.162513,1.6090069
382.79,1,1,4,9,13,38,3,0,2,0,0,0,0,0,0,0,6.605288,-0.9205674,0.289478,3.6174679,0.8451018
367.78,1,1,4,9,13,37,3,0,1,0,0,0,0,0,0,0,7.1890836,-0.15115964,0.869135,3.2830648,0.45569238
365.73,1,1,3,5,14,39,2,0,3,0,0,0,0,0,0,0,5.184981,-6.5490646,0.1991253,3.8386889,1.3398614
351.66,1,0,3,3,12,33,3,0,3,0,0,0,0,0,0,0,4.687874,-7.9552503,0.6694541,3.8607566,0.10472424
351.66,1,0,3,0,12,33,3,0,3,0,0,0,0,3,0,0,4.483678,-8.1757145,-0.2878008,2.6691768,0.3434048
368.77,1,1,4,6,12,36,3,0,2,0,0,0,0,0,0,0,5.2494235,-4.3130484,0.15365776,3.9416366,0.17333496
468.9,1,0,4,4,16,44,4,0,4,0,0,0,0,0,0,0,4.980536,-10.059133,0.20090291,3.9471633,0.8176955
703.3,1,0,6,6,24,66,6,0,6,0,0,0,0,0,0,0,5.6591153,-14.188607,-0.6237843,3.7586465,0.07732959
412.78,1,0,4,4,12,36,4,0,4,0,0,0,0,0,0,0,4.484862,-9.343487,-0.12560631,3.426863,0.4693596
268.53,1,1,3,5,11,22,2,0,0,0,0,1,0,2,0,0,6.403213,0.6651921,-0.067738555,3.076925,1.0215153
372.71,1,1,4,6,14,30,4,0,0,0,0,1,0,2,0,1,6.820038,-0.33126462,-0.20429434,3.5977187,-0.45007944
298.6,1,1,3,7,13,26,2,0,0,0,0,1,0,0,0,0,6.904714,0.33127677,1.961499,2.9715023,0.9182009
284.57,1,1,3,6,12,23,2,0,0,0,0,1,0,1,0,0,6.636189,0.50118756,0.49258852,3.4120562,0.69567394
314.6,1,1,3,7,13,26,3,0,0,0,0,1,0,0,0,1,6.3818135,-0.18324065,1.1394391,3.6874783,0.6802786
340.68,1,1,3,9,16,32,2,0,0,0,0,1,0,0,0,0,8.622176,0.9180082,1.8064255,2.8223374,-0.29371372
330.67,1,1,4,6,12,23,3,0,0,0,0,1,0,3,0,0,6.848585,0.49332154,-0.037928108,3.2966852,0.21582028
298.6,1,1,3,7,13,26,2,0,0,0,0,1,0,0,0,0,6.904714,0.33127677,1.8363233,3.8484795,0.26900977
438.8,1,1,4,6,18,30,5,0,0,0,0,2,0,2,0,0,6.834687,-2.6783674,1.7346394,3.598528,0.30057773
594.9,1,0,3,0,36,30,3,0,0,0,0,6,0,0,0,0,10.835079,-1.8495469,1.3116937,0.7694574,1.0408876
286.51,1,1,2,4,16,22,1,0,0,0,0,2,0,0,0,0,6.8947635,-0.26088166,1.550934,3.43278,1.1021377
420.8,1,0,4,6,18,28,4,0,0,0,0,2,0,0,0,0,8.68849,0.35597456,1.6543438,2.7353146,1.8524125
332.6,1,1,3,4,16,24,2,0,0,0,0,2,0,2,0,0,7.2345815,-0.17950523,-0.37966824,2.7725534,1.1618841
284.53,1,0,3,5,11,20,3,0,0,0,0,1,0,0,0,0,6.601064,0.7993705,1.7089152,6.711699,-0.4609964
482.8,1,0,4,5,23,30,4,0,0,0,0,3,0,0,0,0,9.63648,-0.3562771,1.6551158,0.7514298,-0.9354693
302.51,1,1,2,4,16,22,2,0,0,0,0,2,0,0,0,1,6.357244,-0.7578038,1.7566967,3.5254412,-0.44490877
360.7,1,1,3,6,18,28,2,0,0,0,0,2,0,0,0,0,8.5013685,0.40546668,1.7389501,2.381903,0.48224553
346.6,1,0,3,4,16,22,3,0,0,0,0,2,0,0,0,0,7.887362,0.21246564,1.7877325,2.8671186,0.11945043
571.0,1,1,5,9,27,42,4,0,0,0,0,3,0,0,0,0,12.028622,0.38329375,1.4337643,0.6146894,2.8279321
376.7,1,1,4,7,13,28,5,0,0,0,0,1,0,2,0,0,5.2646194,-3.6277227,1.8425303,3.1993263,-0.5596346
484.8,1,1,3,4,28,32,2,0,0,0,0,4,0,0,0,0,10.529257,-0.88972557,1.4514157,0.91170585,-0.058696512
408.7,1,0,3,3,21,24,3,0,0,0,0,3,0,0,0,0,8.77034,-0.23535953,1.534573,2.0839891,0.83924145
410.7,1,1,2,2,26,26,1,0,0,0,0,4,0,0,0,0,9.700944,-0.87554383,1.4227533,1.1699193,0.17387906
470.7,1,0,3,2,26,26,3,0,0,0,0,4,0,0,0,0,9.640885,-1.0368751,1.4723867,0.50143015,1.4077014
583.1,1,1,6,12,24,46,5,0,0,0,0,2,0,0,0,0,12.217977,1.2074704,1.6733619,0.6576291,-1.3762622
527.0,1,1,6,8,20,38,5,0,0,0,0,2,0,4,0,0,10.395164,0.62825096,-0.26252615,2.8432264,0.87828624
348.6,1,1,2,3,21,24,1,0,0,0,0,3,0,0,0,0,8.530517,-0.063944936,1.5629014,2.2040315,0.10044388
358.68,1,0,4,7,13,26,4,0,0,0,0,1,0,0,0,0,8.003616,0.6436361,1.6894515,5.458247,-0.86365634
544.9,1,0,4,4,28,32,4,0,0,0,0,4,0,0,0,0,10.336706,-0.97037965,1.2442887,1.0911796,0.82290596
344.66,1,0,4,6,12,24,4,0,0,0,0,1,0,1,0,0,7.4461193,0.63948584,0.12882623,3.4086835,0.61976194
494.9,1,0,5,8,20,34,5,0,0,0,0,2,0,0,0,0,9.718512,0.42840135,1.512061,1.5001757,0.48736972
434.8,1,1,4,8,20,34,3,0,0,0,0,2,0,0,0,0,9.726908,0.80101204,1.7659411,1.5785304,-0.92896247
583.1,1,1,6,12,24,46,5,0,0,0,0,2,0,0,0,0,12.217977,1.2074704,1.6854044,0.5920224,2.2531443
446.9,1,1,5,11,17,38,4,0,0,0,0,1,0,0,0,0,9.457228,2.138567,2.0717587,1.4187329,1.2143973
422.7,1,1,3,5,23,30,2,0,0,0,0,3,0,0,0,0,9.707677,-0.05537796,1.5795416,1.9376421,2.3984199
559.0,1,1,4,6,30,38,3,0,0,0,0,4,0,0,0,0,11.52421,-0.5251794,1.2596396,0.15663509,0.0011039219
484.8,1,1,3,4,28,32,2,0,0,0,0,4,0,0,0,0,10.529257,-0.88972557,1.5890543,0.8930481,0.69998205
366.6,1,0,3,0,18,18,3,0,0,0,0,3,0,3,0,0,7.3967185,-2.6366465,-0.072266236,2.1146154,1.452817
450.7,1,0,3,0,24,30,0,0,0,0,0,3,0,0,0,0,10.202278,-0.0733881,1.3516032,1.1568049,-0.031770233
546.9,1,1,3,3,33,34,2,0,0,0,0,4,0,0,0,0,11.140607,-0.9308903,1.4441503,0.9737044,0.50788724
346.6,1,0,3,4,16,22,3,0,0,0,0,2,0,0,0,0,7.887362,0.21246564,1.7588216,2.8112936,0.9659867
693.2,1,0,6,8,32,44,6,0,0,0,0,4,0,0,0,0,11.951706,-0.49525487,1.4971733,-0.25367323,-0.36923903
484.8,1,1,3,4,28,32,2,0,0,0,0,4,0,0,0,0,10.529257,-0.88972557,1.561946,0.6014312,0.38970774
557.0,1,0,5,7,25,36,5,0,0,0,0,3,0,0,0,0,10.431368,-0.37072527,1.5597318,0.7290172,0.11416034
619.0,1,0,5,6,30,38,5,0,0,0,0,4,0,0,0,0,11.052525,-0.8258318,1.6260334,0.36767757,-0.827701
793.5,1,1,8,15,33,60,7,0,0,0,0,3,0,0,0,0,15.25664,2.0670683,1.505275,0.5924321,2.2219858
372.71,1,0,4,7,14,28,4,0,0,0,0,1,0,0,0,0,8.227329,0.66180897,1.5969266,3.2765381,0.34029886
372.75,1,1,4,9,15,32,3,0,0,0,0,1,0,0,0,0,8.525191,0.92361045,1.8004925,2.775578,0.8202218
224.45,1,1,2,5,11,20,1,0,0,0,0,1,0,0,0,0,6.136987,0.7304771,1.5488008,3.8170266,0.22218712
430.94,1,1,6,12,12,38,5,0,0,0,0,0,0,2,0,0,9.104924,4.1537414,0.09054456,2.2154796,0.72900915
523.14,1,1,8,12,12,42,7,0,0,0,0,0,0,6,0,0,9.621286,4.8529253,-0.26189947,2.3099437,1.0889033
370.81,1,1,5,11,11,34,4,0,0,0,0,0,0,1,0,0,8.670063,3.636511,0.48129788,3.4054196,0.47035396
402.88,1,1,6,10,10,34,5,0,0,0,0,0,0,4,0,0,8.367217,3.9274933,0.037984304,3.506125,0.16114827
416.87,1,0,6,10,10,32,6,0,0,0,0,0,0,2,0,0,7.619346,2.9701324,0.35856977,3.2807472,0.18756025
342.76,1,1,5,9,9,30,4,0,0,0,0,0,0,3,0,0,7.2989044,3.2336433,-0.07284447,3.1583357,0.89157486
505.09,1,1,7,14,14,44,6,0,0,0,0,0,0,2,0,0,9.798122,4.805384,0.04879589,1.9483222,0.8608646
579.2,1,1,8,16,16,50,7,0,0,0,0,0,0,2,0,0,11.056638,5.474636,-0.029769884,0.88693327,-1.1742026
819.8,1,1,12,20,20,66,11,0,0,0,0,0,0,6,0,0,15.31561,7.372628,-0.2673844,1.0745125,-0.48883545
773.7,1,1,11,20,20,64,10,0,0,0,0,0,0,4,0,0,15.060285,7.125189,-0.10519044,-0.41566753,-1.5544593
444.96,1,1,6,13,13,40,5,0,0,0,0,0,0,1,0,0,9.156413,4.189808,0.44215357,2.928964,0.53439355
667.4,1,1,9,19,19,58,8,0,0,0,0,0,0,1,0,0,12.769581,5.9360976,0.35785288,0.5091875,-0.9725904
727.6,1,1,10,20,20,62,9,0,0,0,0,0,0,2,0,0,14.405843,6.6614637,-0.2575568,0.16834374,-1.397143
565.2,1,1,8,15,15,48,7,0,0,0,0,0,0,3,0,0,10.923426,5.4496703,-0.2255324,1.2047356,-1.0151087
861.8,1,1,12,23,23,72,11,0,0,0,0,0,0,3,0,0,16.665466,7.9905376,0.17674679,-0.1239638,-0.33379185
671.4,1,1,10,16,16,54,9,0,0,0,0,0,0,6,0,0,12.347222,6.168853,-0.5795882,0.29951808,-1.5604615
416.91,1,1,6,11,11,36,5,0,0,0,0,0,0,3,0,0,8.899527,4.053058,0.10357251,2.545785,0.8977893
597.3,1,1,9,14,14,48,8,0,0,0,0,0,0,6,0,0,10.8141775,5.599314,-0.734227,-0.47950622,0.4436441
657.4,1,1,10,15,15,52,9,0,0,0,0,0,0,7,0,0,11.457516,5.9552846,-0.3257392,0.30387515,-0.2534326
519.1,1,1,7,15,15,46,6,0,0,0,0,0,0,1,0,0,9.63654,4.7185593,0.14029147,2.0062325,0.75776994
583.26,1,1,9,13,13,46,8,0,0,0,0,0,0,7,0,0,10.1054945,5.242879,-0.71049803,1.675193,-0.09359024
875.9,1,1,12,24,24,74,11,0,0,0,0,0,0,2,0,0,16.842516,8.058322,-0.011846506,0.6877231,3.2142746
509.07,1,0,8,10,10,36,8,0,0,0,0,0,0,6,0,0,7.517333,3.2730055,-0.00456408,3.0389473,1.1106505
433.06,1,1,8,8,9,36,4,0,0,0,0,0,0,12,0,0,9.43489,5.269973,-0.6059223,2.9857173,0.3985628
601.27,1,0,10,10,10,40,10,0,0,0,0,0,0,10,0,0,7.6760483,3.716203,-0.6082921,2.8495762,-0.10219288
462.97,1,0,7,10,10,34,7,0,0,0,0,0,0,4,0,0,7.438167,3.064732,-0.26535964,3.4018567,0.7208998
801.7,1,1,11,22,22,68,10,0,0,0,0,0,0,2,0,0,15.667834,7.3470397,0.038625665,0.2642798,2.5042763
541.14,1,0,9,9,9,36,9,0,0,0,0,0,0,9,0,0,7.007269,3.4108818,-0.51564735,3.2846859,-0.77178854
653.4,1,1,9,18,18,56,8,0,0,0,0,0,0,2,0,0,12.9266815,5.9957213,0.0700835,0.56609416,1.1500977
388.86,1,1,6,9,9,32,5,0,0,0,0,0,0,5,0,0,7.7501764,3.7297876,-0.08614269,2.9610627,0.1260945
661.4,1,0,11,11,11,44,11,0,0,0,0,0,0,11,0,0,8.075942,3.9985147,-0.7290301,2.7855637,0.8704904
481.02,1,0,8,8,8,32,8,0,0,0,0,0,0,8,0,0,6.244468,3.0038066,-0.42554885,3.3253815,0.6814289
491.02,1,0,7,12,12,38,7,0,0,0,0,0,0,2,0,0,8.670799,3.4539993,0.16515148,2.581659,1.0154119
537.12,1,0,8,12,12,40,8,0,0,0,0,0,0,4,0,0,8.499757,3.5421205,-0.17023163,3.3421295,0.048119426
481.02,1,0,8,8,8,32,8,0,0,0,0,0,0,8,0,0,6.244468,3.0038066,-0.56149906,3.238104,0.32356313
442.99,1,1,6,13,14,42,4,0,0,0,0,0,0,1,0,0,9.531304,4.4478617,0.91225463,2.148685,0.8960091
541.14,1,0,9,9,9,36,9,0,0,0,0,0,0,9,0,0,7.007269,3.4108818,-0.39425945,3.272492,-0.52580583
430.89,1,0,6,11,11,34,6,0,0,0,0,0,0,1,0,0,8.385098,3.1811738,0.41401303,3.2346117,1.1581548
721.5,1,0,12,12,12,48,12,0,0,0,0,0,0,12,0,0,8.426347,4.2675743,-1.1354297,1.8020183,12.787859
477.04,1,1,7,12,12,40,6,0,0,0,0,0,0,4,0,0,9.459954,4.588969,-0.06926204,2.1110458,0.038534906
551.2,1,1,8,14,14,46,7,0,0,0,0,0,0,4,0,0,10.531457,5.3328834,-0.022944663,1.2581584,0.6863984
463.01,1,1,7,11,11,38,6,0,0,0,0,0,0,5,0,0,9.092585,4.4194536,-0.2759969,1.8121599,1.468691
434.96,1,1,7,9,9,34,6,0,0,0,0,0,0,7,0,0,7.9144588,3.991734,-0.26006213,2.8450613,1.4087299
663.6,1,1,10,20,20,62,5,0,0,0,0,0,0,2,0,0,14.873124,6.788057,0.89524335,0.26717708,1.386898
491.06,1,1,7,13,13,42,6,0,0,0,0,0,0,3,0,0,9.754592,4.764813,-0.14991221,1.7056576,0.03229411
296.66,1,1,4,9,9,28,3,0,0,0,0,0,0,1,0,0,6.8806877,2.7465684,0.5018636,3.5165906,0.42059055
208.48,1,1,3,6,6,20,2,0,0,0,0,0,0,2,0,0,5.504545,2.317953,0.19108018,3.3182158,0.7150737
222.5,1,1,3,7,7,22,2,0,0,0,0,0,0,1,0,0,6.0095296,2.3634183,0.3278394,3.4040816,0.5316032
148.35,1,1,2,5,5,16,1,0,0,0,0,0,0,1,0,0,4.974989,1.9144417,0.052000284,3.2626233,1.1363705
254.58,1,1,4,6,6,22,3,0,0,0,0,0,0,4,0,0,5.5229654,2.555942,-0.23413713,3.0950944,0.4695533
194.45,1,1,3,5,5,18,2,0,0,0,0,0,0,3,0,0,5.1176815,2.2757745,-0.16884366,3.3950732,2.3146164
226.52,1,1,4,4,4,18,3,0,0,0,0,0,0,6,0,0,4.9287586,2.5700307,-0.50122976,3.2449145,0.69562626
180.42,1,1,3,4,4,16,2,0,0,0,0,0,0,4,0,0,4.8316193,2.261566,-0.18921979,3.1405976,0.95665956
406.9,1,1,7,7,7,30,6,0,0,0,0,0,0,9,0,0,6.502235,3.5209222,-0.42464814,2.6853952,0.9910199
300.68,1,1,5,6,6,24,4,0,0,0,0,0,0,6,0,0,5.594608,2.78543,-0.4202511,3.1732688,1.6340802
272.62,1,1,5,4,4,20,4,0,0,0,0,0,0,8,0,0,5.018708,2.8165634,-0.35278857,2.666262,0.15247855
314.7,1,1,5,7,7,26,4,0,0,0,0,0,0,5,0,0,6.1009903,2.9213662,-0.25274098,3.3466318,0.21645817
212.5,1,1,4,3,3,16,3,0,0,0,0,0,0,7,0,0,4.6365027,2.597382,-0.19817829,2.8014293,1.8158193
240.55,1,1,4,5,5,20,3,0,0,0,0,0,0,5,0,0,5.2221136,2.5440454,-0.15201072,2.913657,0.38527763
272.62,1,1,5,4,4,20,4,0,0,0,0,0,0,8,0,0,5.018708,2.8165634,-0.37209097,3.0334842,0.8087958
378.81,1,0,7,4,4,22,7,0,0,0,0,0,0,10,0,0,5.0809517,2.7357824,-0.6428597,2.969026,-1.0045749
374.79,1,0,6,7,7,26,6,0,0,0,0,0,0,5,0,0,5.939959,2.5878603,-0.40061244,3.195216,-0.12724769
360.76,1,0,6,6,6,24,6,0,0,0,0,0,0,6,0,0,5.656096,2.5562139,-0.2232387,2.948516,0.85965323
346.73,1,0,6,5,5,22,6,0,0,0,0,0,0,7,0,0,5.340608,2.5467331,-0.32378966,2.739956,2.2030294
420.89,1,0,7,7,7,28,7,0,0,0,0,0,0,7,0,0,5.876025,2.7413757,-0.23619299,3.152931,0.23162675
268.56,1,0,4,6,6,20,4,0,0,0,0,0,0,2,0,0,5.5732846,2.1570742,0.21200323,3.1607573,0.7249988
282.59,1,0,4,7,7,22,4,0,0,0,0,0,0,1,0,0,5.912553,2.0905573,0.1128181,3.8770444,0.3281836
240.51,1,0,4,4,4,16,4,0,0,0,0,0,0,4,0,0,5.0131173,2.2007282,-0.36957872,3.240151,-0.33559263
254.53,1,0,4,5,5,18,4,0,0,0,0,0,0,3,0,0,5.280458,2.1895611,-0.09260319,3.0004923,0.56015337
268.56,1,0,4,6,6,20,4,0,0,0,0,0,0,2,0,0,5.5732846,2.1570742,0.23449445,3.3912034,1.1927288
342.71,1,0,5,8,8,26,5,0,0,0,0,0,0,2,0,0,6.3303866,2.4906106,0.17275096,3.9678144,0.10926229
328.69,1,0,5,7,7,24,5,0,0,0,0,0,0,3,0,0,5.9467034,2.4154158,-0.18794762,3.4363568,1.343015
356.74,1,0,5,9,9,28,5,0,0,0,0,0,0,1,0,0,6.7121463,2.5200558,0.3977372,3.7319136,-0.02507659
300.63,1,0,5,5,5,20,5,0,0,0,0,0,0,5,0,0,5.3153563,2.3390067,-0.46090072,3.4229076,0.05381111
314.66,1,0,5,6,6,22,5,0,0,0,0,0,0,4,0,0,5.612856,2.3607075,-0.2172567,3.5825403,0.562257
286.61,1,0,5,6,4,18,5,0,0,0,0,0,0,4,0,0,5.2558684,2.3241866,-0.32890004,3.7530026,1.1185825
430.94,1,1,6,12,12,38,5,0,0,0,0,0,0,2,0,0,9.104924,4.1537414,0.081254356,2.128967,-0.18042418
174.39,1,1,2,5,7,18,1,0,0,0,0,0,1,0,0,0,5.5885806,1.8900443,0.9541622,3.7664154,0.50731015
200.42,1,1,2,4,9,20,1,0,0,0,0,0,2,0,0,0,6.1476765,1.6647388,0.69544476,3.724917,0.4953044
258.49,1,0,3,3,9,18,3,0,0,0,0,0,3,0,0,0,6.492543,1.433654,0.25224352,3.611716,0.27695143
346.72,1,1,4,7,13,30,3,0,0,0,0,0,3,0,0,0,8.430019,2.8059025,0.48188984,2.874702,0.39902171
322.69,1,1,4,9,11,30,3,0,0,0,0,0,1,0,0,0,8.025021,2.8449197,0.94769675,3.4329693,-0.23623663
248.54,1,1,3,7,9,24,2,0,0,0,0,0,1,0,0,0,6.664604,2.233721,1.0887614,3.5839152,0.27457854
260.55,1,1,3,6,10,24,2,0,0,0,0,0,2,0,0,0,7.070247,2.0690227,0.69596124,3.4231718,1.0302445
272.56,1,1,3,5,11,24,2,0,0,0,0,0,3,0,0,0,7.271321,2.0404625,0.5664753,3.301705,0.22833811
234.47,1,0,3,5,7,18,3,0,0,0,0,0,1,0,0,0,5.8484826,1.8147458,1.0522982,3.7271302,0.31418326
334.7,1,1,4,8,12,30,3,0,0,0,0,0,2,0,0,0,8.300462,2.8624415,0.97677743,3.3753407,0.5465347
186.4,1,1,2,4,8,18,1,0,0,0,0,0,2,0,0,0,5.807782,1.6985346,0.40820208,3.6533449,-0.3387806
210.42,1,1,2,2,10,18,1,0,0,0,0,0,4,0,0,0,6.448284,1.4229394,0.3130104,3.481326,0.45480925
358.73,1,1,4,6,14,30,3,0,0,0,0,0,4,0,0,0,8.560836,2.6314855,0.36459532,2.3572693,0.42233232
296.58,1,1,3,3,13,24,2,0,0,0,0,0,5,0,0,0,7.7069316,2.0345473,-0.008079926,3.63101,-0.0486836
308.59,1,1,3,2,14,24,2,0,0,0,0,0,6,0,0,0,8.007078,2.1234107,0.16489123,2.5991669,0.12919173
262.57,1,1,3,7,10,26,2,0,0,0,0,0,1,0,0,0,6.8351517,2.1479619,0.9575129,3.6442528,0.008629574
270.5,1,0,3,2,10,18,3,0,0,0,0,0,4,0,0,0,6.6479144,1.427383,0.33889776,3.5900636,-0.08320409
282.51,1,0,3,1,11,18,3,0,0,0,0,0,5,0,0,0,6.8186064,1.459008,-0.013827196,3.5798714,-0.20562203
318.63,1,0,3,5,13,30,3,0,0,0,0,0,1,0,0,0,8.16553,1.748615,0.8249068,2.5784304,0.854872
318.63,1,0,3,6,13,30,3,0,0,0,0,0,1,0,0,0,8.126323,1.802531,0.8353752,2.4580574,0.4774965
290.58,1,0,3,6,11,26,3,0,0,0,0,0,1,0,0,0,7.0332203,1.7798109,0.8076784,3.2126725,0.8378273
290.58,1,0,3,5,11,26,3,0,0,0,0,0,1,0,0,0,7.059852,1.7125161,0.7243639,2.927806,0.14292508
304.6,1,0,3,5,12,28,3,0,0,0,0,0,1,0,0,0,7.6018615,1.7234309,0.6906311,2.904012,1.0824405
302.59,1,0,3,4,12,26,3,0,0,0,0,0,2,0,0,0,7.718486,1.8947167,0.7738252,3.0077658,0.5409124
302.59,1,0,3,6,12,26,3,0,0,0,0,0,2,0,0,0,7.7258625,2.0156772,0.88119996,2.989033,0.6842649
330.64,1,0,3,6,14,30,3,0,0,0,0,0,2,0,0,0,8.400336,2.1602304,0.7002459,2.6119542,0.58180666
330.64,1,0,3,4,14,30,3,0,0,0,0,0,2,0,0,0,8.43047,2.0888388,0.6817029,2.6250143,0.5761207
262.52,1,0,3,6,9,22,3,0,0,0,0,0,1,0,0,0,6.364384,1.7596997,1.2706453,3.5765207,0.038382914
262.52,1,0,3,5,9,22,3,0,0,0,0,0,1,0,0,0,6.299994,1.6760148,1.0368564,3.451731,1.418585
316.61,1,0,3,6,13,28,3,0,0,0,0,0,2,0,0,0,8.058046,2.1110868,0.729844,2.6801412,0.7334314
316.61,1,0,3,4,13,28,3,0,0,0,0,0,2,0,0,0,8.09762,1.9994338,0.67322636,2.442643,0.47675404
288.6,1,1,3,7,12,28,2,0,0,0,0,0,2,0,0,0,7.7416735,2.3783262,0.51591027,3.4762194,-0.213147
284.57,1,1,3,4,12,24,2,0,0,0,0,0,4,0,0,0,7.482424,2.0362659,0.36448222,3.1961453,0.7081608
342.65,1,0,3,3,15,30,3,0,0,0,0,0,3,0,0,0,8.59583,2.1175296,0.6416909,2.3231363,0.96334636
342.65,1,0,3,6,15,30,3,0,0,0,0,0,3,0,0,0,8.567259,2.2438617,0.61447924,2.7264817,0.21365702
273.53,1,0,3,4,10,21,3,0,0,0,0,0,2,0,0,0,6.7788453,1.6183759,0.51304495,3.4626083,0.084289886
296.58,1,1,3,3,13,24,2,0,0,0,0,0,5,0,0,0,7.7069316,2.0345473,0.20614393,3.013383,0.068271466
260.51,1,0,3,4,9,20,3,0,0,0,0,0,2,0,0,0,6.5391893,1.5538598,0.75267524,3.4387262,0.57190347
344.66,1,0,4,4,12,24,4,0,0,0,0,0,4,0,0,0,7.6938887,2.002917,0.023010418,3.5470507,0.42832762
320.63,1,0,4,6,10,24,4,0,0,0,0,0,2,0,0,0,7.1824093,1.9058443,0.4655113,3.5245855,0.7006205
308.62,1,0,4,7,9,24,4,0,0,0,0,0,1,0,0,0,6.78774,1.8550308,1.0310106,3.6177974,0.5743629
392.7,1,0,4,0,16,24,4,0,0,0,0,0,8,0,0,0,8.638702,2.010252,0.2622017,2.1343803,0.65259856
368.68,1,0,4,2,14,24,4,0,0,0,0,0,6,0,0,0,8.077757,2.039767,0.10099617,2.718573,0.8031914
356.67,1,0,4,3,13,24,4,0,0,0,0,0,5,0,0,0,7.8816223,2.021798,0.080614276,3.3480067,0.8866792
330.63,1,0,4,3,11,22,4,0,0,0,0,0,4,0,0,0,7.277446,1.8049128,0.37123433,3.0920794,0.84821343
380.69,1,0,4,1,15,24,4,0,0,0,0,0,7,0,0,0,8.345945,2.0727797,0.25826705,3.0688453,-0.5487163
332.65,1,0,4,5,11,24,4,0,0,0,0,0,3,0,0,0,7.470536,1.9711525,0.5702357,2.98785,0.59071356
406.8,1,0,4,7,16,38,4,0,0,0,0,0,1,0,0,0,9.4825115,2.9995954,0.8959413,1.5449588,0.7306044
322.65,1,0,4,7,10,26,4,0,0,0,0,0,1,0,0,0,7.0608854,1.878332,0.9034209,3.789801,0.4563232
360.7,1,0,4,5,13,28,4,0,0,0,0,0,3,0,0,0,8.069327,2.195961,0.40168685,3.0328226,0.4472479
400.76,1,0,4,4,16,32,4,0,0,0,0,0,4,0,0,0,8.984224,2.3145933,0.49259934,2.5643764,0.63224006
320.63,1,0,4,6,10,24,4,0,0,0,0,0,2,0,0,0,7.1824093,1.9058443,0.7675195,3.2748313,0.08421514
346.67,1,0,4,5,12,26,4,0,0,0,0,0,3,0,0,0,7.818403,2.1016276,0.63066626,3.1815462,0.5056531
404.79,1,0,4,6,16,36,4,0,0,0,0,0,2,0,0,0,9.494331,2.8527927,0.48285556,2.0434737,0.25297165
430.82,1,0,5,5,15,30,5,0,0,0,0,0,5,0,0,0,8.575277,2.3162599,0.17903985,2.5638068,0.5755506
390.76,1,0,5,4,12,26,5,0,0,0,0,0,4,2,0,0,7.7484493,2.1360672,-0.11554446,3.2611845,0.3763808
478.9,1,0,5,1,19,30,5,0,0,0,0,0,9,0,0,0,9.974609,2.1273859,-0.15644315,0.6992921,-0.9920707
466.9,1,0,5,2,18,30,5,0,0,0,0,0,8,0,0,0,9.676141,2.1412706,0.12670709,1.0992476,-1.3076721
350.69,1,0,5,3,9,22,5,0,0,0,0,0,3,4,0,0,6.2761164,1.9338984,-0.416521,3.1423373,1.1766088
501.0,1,0,5,5,20,40,5,0,0,0,0,0,5,0,0,0,10.918528,2.8349276,-0.124249965,0.893836,-0.34098625
382.78,1,0,5,9,11,30,5,0,0,0,0,0,1,0,0,0,8.117169,2.6383038,0.43448162,3.2543871,0.8922637
394.79,1,0,5,8,12,30,5,0,0,0,0,0,2,0,0,0,8.158579,2.527897,0.37331405,3.1778305,0.10977035
490.9,1,0,5,0,20,30,5,0,0,0,0,0,10,0,0,0,10.262271,2.0996304,0.072506435,1.665006,-0.5921013
322.69,1,1,4,9,11,30,3,0,0,0,0,0,1,0,0,0,8.025021,2.8449197,1.0673677,3.5017262,0.20792028
420.87,1,1,5,9,15,36,4,0,0,0,0,0,3,0,0,0,9.38466,3.5401876,0.6624986,2.059007,0.015883802
248.54,1,1,3,7,9,24,2,0,0,0,0,0,1,0,0,0,6.664604,2.233721,0.9503709,3.5573213,-0.35198602
468.53,1,0,3,3,12,21,3,9,0,0,0,0,0,0,0,0,8.773838,4.663068,1.7873292,2.9786518,0.7075402
564.58,1,0,3,3,15,24,3,12,0,0,0,0,0,0,0,0,10.392299,5.8271375,1.6915425,1.3325348,0.29804376
440.48,1,0,3,1,10,17,3,9,0,0,0,0,0,2,0,0,7.9861784,4.4026666,1.0619603,4.073442,-0.42367214
318.51,1,0,3,4,9,21,3,3,0,0,0,0,0,0,0,0,6.6004486,2.5600798,1.8910537,3.2767954,1.2915925
834.44,1,0,3,3,15,9,3,27,0,0,0,0,0,0,0,0,12.741859,9.950814,1.9091239,0.2650495,3.5383658
510.61,1,0,3,0,15,27,3,9,0,0,0,0,0,0,0,0,10.206723,5.0931745,1.7597102,0.871536,-0.48296013
468.53,1,0,3,0,12,21,3,9,0,0,0,0,0,3,0,0,8.5387745,4.6903763,-0.12054549,2.1760073,-1.2243023
388.48,1,0,3,3,9,18,4,6,0,0,0,0,0,1,0,0,6.911674,3.2661338,1.8161114,3.490794,-0.9850315
426.45,1,0,3,3,9,15,3,9,0,0,0,0,0,3,0,0,7.88393,4.521095,0.6197094,3.4265592,0.21627098
714.6,1,0,3,0,18,24,3,18,0,0,0,0,0,0,0,0,12.65031,7.8129325,1.6027259,0.19202344,-1.6777357
304.48,1,0,3,5,8,19,3,3,0,0,0,0,0,0,0,0,6.457854,2.5535746,1.9983267,3.7223117,1.0289187
400.58,1,1,3,6,12,26,2,6,0,0,0,0,0,0,0,0,8.713852,4.454903,1.7421074,2.4689543,0.60945696
386.51,1,0,3,4,10,20,3,6,0,0,0,0,0,0,0,0,7.8233795,3.7623641,1.6707228,3.531057,0.5580909
414.56,1,0,3,3,12,24,3,6,0,0,0,0,0,0,0,0,8.400169,3.947213,1.9136733,3.1715589,0.056813695
360.59,1,0,3,3,12,27,3,3,0,0,0,0,0,0,0,0,7.9278407,3.2130404,1.5284555,2.761027,0.76031303
454.51,1,0,3,5,11,19,3,9,0,0,0,0,0,0,0,0,8.559917,4.658635,2.2296343,3.3836606,0.81575906
918.6,1,0,3,3,21,21,3,27,0,0,0,0,0,0,0,0,14.804832,10.455858,1.5146005,0.19163509,2.4345806
318.51,1,0,3,5,9,21,3,3,0,0,0,0,0,0,0,0,6.678828,2.6614387,2.0514717,4.567914,0.76996607
541.72,1,1,4,6,15,30,3,9,0,0,0,0,0,0,0,0,10.25277,5.78932,0.8047909,0.56000197,-0.2629428
444.66,1,1,4,6,12,26,3,6,0,0,0,0,0,0,0,0,9.005671,4.6887417,0.12834117,1.5457442,2.0505457
318.55,1,1,3,7,10,25,2,3,0,0,0,0,0,0,0,0,7.436486,3.3030303,1.5231813,2.9814296,0.516718
474.73,1,1,4,8,14,32,3,6,0,0,0,0,0,0,0,0,9.530484,4.971987,1.9519372,2.2276542,0.3692577
336.6,1,1,4,5,8,23,3,3,0,0,0,0,0,4,0,0,6.812024,3.519472,-0.30166626,2.9319513,0.84969413
554.62,1,1,4,0,12,22,3,12,0,0,0,0,0,6,0,0,9.098634,5.76736,-0.13322899,2.509174,-0.3034911
610.73,1,1,4,4,16,30,3,12,0,0,0,0,0,2,0,0,11.49551,6.82684,-0.060270227,0.5072199,0.14157073
454.55,1,1,3,3,12,23,2,9,0,0,0,0,0,2,0,0,8.866393,5.115256,-0.069376945,2.0266914,0.56055653
350.63,1,1,4,6,9,25,3,3,0,0,0,0,0,3,0,0,7.4762554,3.7033446,-0.1516567,3.2493508,0.7216435
474.73,1,1,4,8,14,32,3,6,0,0,0,0,0,0,0,0,9.530484,4.971987,2.0137944,2.7931855,-0.10641558
446.68,1,1,4,4,12,28,3,6,0,0,0,0,0,2,0,0,8.920319,4.72515,-0.15125754,2.8743892,1.1559803
364.65,1,1,4,6,10,27,3,3,0,0,0,0,0,3,0,0,7.8541684,3.8513634,-0.001233934,3.2844634,0.9148774
304.53,1,1,3,6,9,23,2,3,0,0,0,0,0,1,0,0,7.110494,3.28644,0.31313226,3.8150704,0.23302983
610.73,1,1,4,4,16,30,3,12,0,0,0,0,0,2,0,0,11.49551,6.82684,0.41611856,0.77876014,-0.14622597
500.65,1,1,4,3,12,25,3,9,0,0,0,0,0,4,0,0,9.052264,5.3958507,-0.20497699,1.9936744,1.1401919
462.42,1,1,2,0,12,18,1,12,0,0,0,0,0,2,0,0,8.745102,5.3007307,-0.11734536,2.9003186,1.42944
446.68,1,1,4,6,12,28,3,6,0,0,0,0,0,2,0,0,9.087083,4.8776536,-0.028993618,2.0441372,0.37072334
542.73,1,1,4,6,15,31,3,9,0,0,0,0,0,1,0,0,10.49812,5.928246,0.3462263,1.2911078,0.97550833
358.5,1,1,3,3,9,20,2,6,0,0,0,0,0,3,0,0,7.508834,4.089905,-0.015470419,3.5690022,0.089109376
454.55,1,1,3,3,12,23,2,9,0,0,0,0,0,2,0,0,8.866393,5.115256,0.00960629,2.47958,0.358014
298.37,1,1,2,2,8,16,1,6,0,0,0,0,0,1,0,0,6.5739255,3.4501922,0.20782366,3.5690098,-0.08723699
340.51,1,1,3,6,9,21,2,5,0,0,0,0,0,1,0,0,7.6383576,3.9505014,0.9712046,3.3390322,1.460806
394.42,1,1,2,2,11,19,1,9,0,0,0,0,0,1,0,0,8.078371,4.5478168,0.37006,3.139508,0.49714434
378.68,1,1,4,8,11,29,3,3,0,0,0,0,0,3,0,0,8.555256,4.18378,-0.12272587,3.2476604,0.6395137
392.71,1,1,4,9,12,31,3,3,0,0,0,0,0,0,0,0,8.8745165,4.0975685,1.9645251,2.8591156,-0.62454903
350.63,1,1,4,6,9,25,3,3,0,0,0,0,0,0,0,0,7.500539,3.4472473,-0.19519097,3.4050145,0.11648062
426.44,1,1,2,4,12,20,1,10,0,0,0,0,0,0,0,0,8.524429,4.826947,1.5292695,2.7917104,-0.069372624
318.55,1,1,3,7,10,25,2,3,0,0,0,0,0,0,0,0,7.436486,3.3030303,1.9374101,3.4347284,0.18802184
646.7,1,1,3,3,18,29,2,15,0,0,0,0,0,0,0,0,12.028685,7.225686,1.5720836,-0.133752,1.5087515
326.43,1,1,2,4,10,20,1,6,0,0,0,0,0,0,0,0,7.4138803,3.7084265,1.642421,2.9437664,-0.3310405
312.4,1,1,2,3,9,18,1,6,0,0,0,0,0,1,0,0,7.1692424,3.6937923,0.24865592,3.3888156,1.0659647
500.65,1,1,4,6,12,25,3,9,0,0,0,0,0,1,0,0,9.478155,5.54393,-0.35592842,2.168374,0.5518106
300.56,1,1,3,6,10,26,2,2,0,0,0,0,0,3,0,0,7.113472,3.15153,-0.07918791,3.1295912,0.61082757
258.48,1,1,3,4,7,20,2,2,0,0,0,0,0,0,0,0,5.9562435,2.5039608,0.36661518,3.3075886,0.36888924
470.55,1,1,3,3,12,23,3,9,0,0,0,0,0,2,0,0,8.381502,4.7504005,0.15254037,3.2539408,0.64148086
318.55,1,1,3,7,10,25,2,3,0,0,0,0,0,0,0,0,7.436486,3.3030303,2.0597863,3.7672954,-0.48557094
303.52,1,1,3,6,9,22,2,3,0,0,0,0,0,0,0,0,6.964612,3.072868,0.2996822,4.047679,-0.1588277
377.67,1,1,4,8,11,28,3,3,0,0,0,0,0,0,0,0,8.456917,3.8961456,0.32292435,3.666077,-0.04851458
468.53,1,0,3,0,12,21,3,9,0,0,0,0,0,0,0,0,8.704551,4.487637,1.7671316,2.9719534,0.59521747
568.61,1,0,4,4,12,20,4,12,0,0,0,0,0,0,0,0,9.707629,5.7826753,2.213255,2.1942577,1.103936
624.71,1,0,4,4,16,28,4,12,0,0,0,0,0,0,0,0,11.201104,6.278369,2.108588,0.42130533,0.3151683
378.64,1,0,4,7,10,25,4,3,0,0,0,0,0,0,0,0,7.8442693,3.4600556,2.141109,3.2775261,0.023952397
542.69,1,0,4,5,14,27,4,9,0,0,0,0,0,0,0,0,9.983086,5.287107,2.126723,2.0966153,0.9177899
528.66,1,0,4,4,13,25,4,9,0,0,0,0,0,1,0,0,9.514376,5.1483994,0.39733446,1.6846522,1.3906655
496.64,1,0,4,6,12,24,4,8,0,0,0,0,0,0,0,0,9.049336,4.778878,1.8146484,3.0958393,0.9468619
460.66,1,0,4,6,12,26,4,6,0,0,0,0,0,0,0,0,8.754693,4.3153872,1.7511829,3.0500917,-0.65501606
514.63,1,0,4,3,12,23,4,9,0,0,0,0,0,2,0,0,9.0280075,5.024551,0.2662922,2.6249535,0.5965749
392.66,1,0,4,7,11,27,4,3,0,0,0,0,0,0,0,0,8.146606,3.598531,1.964047,3.1579313,-0.06061969
570.74,1,0,4,4,16,31,4,9,0,0,0,0,0,0,0,0,10.635305,5.3945794,1.5539044,1.3653144,1.7995757
584.8,1,0,4,4,17,33,4,9,0,0,0,0,0,0,0,0,10.871834,5.452245,1.6784908,1.3709389,-0.6200432
840.6,1,0,4,0,16,16,4,24,0,0,0,0,0,0,0,0,13.589433,9.746603,2.32605,0.58305913,2.44799
424.68,1,0,4,4,12,28,4,4,0,0,0,0,0,0,0,0,8.563003,3.8158581,1.7166563,2.6611967,4.811633
512.62,1,0,4,3,12,21,4,9,0,0,0,0,0,0,0,0,9.073014,4.890362,1.8786787,3.059487,0.86469895
710.76,1,0,5,5,15,25,5,15,0,0,0,0,0,0,0,0,11.861494,7.3794107,2.4182308,0.6212111,1.0359675
780.9,1,0,5,5,20,35,5,15,0,0,0,0,0,0,0,0,12.911678,7.6074643,1.5805256,0.53190386,2.7036376
560.73,1,0,5,3,12,25,5,9,0,0,0,0,0,4,0,0,9.108604,5.2971096,-0.28842473,1.9763111,0.019507717
616.8,1,0,5,7,16,33,5,9,0,0,0,0,0,0,0,0,10.780225,5.722093,1.547204,1.3882993,0.35956168
780.9,1,0,5,0,20,35,5,15,0,0,0,0,0,0,0,0,12.86059,7.4204235,1.2353957,0.70557994,0.6678208
530.85,1,0,5,5,15,35,5,5,0,0,0,0,0,0,0,0,9.915247,4.5745797,1.8388917,2.1080408,0.0044325804
690.9,1,0,5,0,20,40,5,10,0,0,0,0,0,0,0,0,11.874575,6.0512576,1.5214467,0.7581921,-0.53419876
296.61,1,0,4,8,8,24,4,0,0,0,0,0,0,0,0,0,6.0310664,1.8483306,1.9451568,3.757058,-0.4736742
281.58,1,0,4,7,7,21,4,0,0,0,0,0,0,0,0,0,5.973282,1.9606776,1.1097358,3.6071467,1.0765921
292.67,1,0,4,8,10,28,2,0,0,0,0,0,0,0,0,0,6.473937,2.0943375,2.0557141,3.7093716,0.21801515
430.85,1,0,6,10,10,30,7,0,0,0,0,0,0,0,0,0,7.053356,1.0408373,0.9596107,4.938371,-0.18286583
266.54,1,0,4,6,6,18,4,0,0,0,0,0,0,0,0,0,5.6701236,1.9063486,-0.012924612,3.6219864,0.30790174
294.64,1,0,4,8,9,26,3,0,0,0,0,0,0,0,0,0,6.2219453,1.9898833,2.2183557,3.611389,0.24170369
370.77,1,0,5,10,10,30,5,0,0,0,0,0,0,0,0,0,7.8175507,2.7640743,2.194034,3.4087613,-0.16595207
400.78,1,0,6,8,8,24,7,0,0,0,0,0,0,0,0,0,6.0025115,1.2687607,0.0794879,4.046949,-0.64543694
429.89,1,0,6,11,11,33,6,0,0,0,0,0,0,0,0,0,8.509144,3.1692898,1.3745748,2.9388344,0.60607225
414.85,1,0,6,10,10,30,6,0,0,0,0,0,0,0,0,0,8.255489,2.9754324,0.32752588,3.2946699,0.11567028
325.66,1,0,5,7,7,21,5,0,0,0,0,0,0,0,0,0,6.1189623,1.971816,0.26251644,3.7853522,-0.83911186
414.85,1,0,6,10,10,30,6,0,0,0,0,0,0,0,0,0,8.255489,2.9754324,-0.16273682,2.8345242,0.22907007
444.92,1,0,6,12,12,36,6,0,0,0,0,0,0,0,0,0,8.653712,3.2810504,1.9103796,3.4446895,0.25203204
236.53,1,1,3,8,8,24,2,0,0,0,0,0,0,0,0,0,6.216641,2.2373028,1.9850938,3.7435422,-1.6727057
221.5,1,1,3,7,7,21,2,0,0,0,0,0,0,0,0,0,5.9826307,2.301658,1.1311326,3.5866904,0.56668305
280.61,1,1,4,8,8,24,3,0,0,0,0,0,0,0,0,0,6.540064,2.5890028,-0.12638356,3.7274878,-0.33003992
310.68,1,1,4,10,10,30,3,0,0,0,0,0,0,0,0,0,7.3267484,2.7289462,2.149095,3.6217277,-1.2493147
280.61,1,1,4,8,8,24,3,0,0,0,0,0,0,0,0,0,6.540064,2.5890028,-0.25336924,3.3421268,0.6840422
206.46,1,1,3,6,6,18,2,0,0,0,0,0,0,0,0,0,5.523964,2.2270854,0.22841695,3.1818225,0.65891266
295.65,1,1,4,9,9,27,3,0,0,0,0,0,0,0,0,0,6.7971835,2.611961,0.3619901,3.8806775,0.4997778
324.7,1,1,5,8,8,24,4,0,0,0,0,0,0,0,0,0,6.9546857,2.8694816,-0.5348415,3.0036986,-0.6091769
265.58,1,1,4,7,7,21,3,0,0,0,0,0,0,0,0,0,6.1186037,2.4768043,-0.041291878,3.203921,-0.1749185
354.77,1,1,5,10,10,30,4,0,0,0,0,0,0,0,0,0,8.028848,3.2720025,-0.2038999,3.1048377,0.54956734
294.68,1,1,4,10,10,30,2,0,0,0,0,0,0,0,0,0,7.490288,2.7516341,2.0468068,2.6511266,0.73989046
339.73,1,1,5,9,9,27,4,0,0,0,0,0,0,0,0,0,7.442033,3.0656905,-0.28812554,3.5430436,0.13135849
206.46,1,1,3,6,6,18,2,0,0,0,0,0,0,0,0,0,5.523964,2.2270854,-0.107016176,3.5032096,0.37361047
250.55,1,1,4,6,6,18,3,0,0,0,0,0,0,0,0,0,5.6363235,2.335883,-0.21764702,3.350393,-0.5626503
382.86,1,1,5,12,13,38,3,0,0,0,0,0,0,0,0,0,9.103926,3.9406488,2.1413198,2.5661557,0.14174268
383.82,1,1,6,9,9,27,5,0,0,0,0,0,0,0,0,0,7.818066,3.3024616,-0.79017293,3.2201905,-0.38466004
364.84,1,1,6,8,10,28,3,0,0,0,0,0,0,0,0,0,8.426043,3.5726316,0.0627746,3.423575,0.6145556
308.71,1,1,4,10,11,32,2,0,0,0,0,0,0,0,0,0,8.212464,3.0862362,2.0492117,3.5984154,-0.3904304
519.07,1,0,7,14,14,42,7,0,0,0,0,0,0,0,0,0,9.104695,3.7231715,1.9859347,1.4129438,0.22677913
444.92,1,0,6,12,12,36,6,0,0,0,0,0,0,0,0,0,8.653712,3.2810504,1.9836568,2.415202,0.61548775
384.84,1,1,5,12,12,36,4,0,0,0,0,0,0,0,0,0,8.785944,3.6615272,1.9692745,2.465459,-0.110625766
458.99,1,1,6,14,14,42,5,0,0,0,0,0,0,0,0,0,9.073507,4.066473,2.0243542,2.2276597,0.501532
384.84,1,1,5,12,12,36,4,0,0,0,0,0,0,0,0,0,8.785944,3.6615272,2.2652693,2.495823,0.5656768
236.5,1,1,3,8,8,24,2,0,0,0,0,0,0,0,0,0,6.2165537,2.2372472,1.9393903,3.47092,1.8787773
458.99,1,1,6,14,14,42,5,0,0,0,0,0,0,0,0,0,9.073507,4.066473,2.237622,2.30922,0.29128805
384.84,1,1,5,12,12,36,4,0,0,0,0,0,0,0,0,0,8.785944,3.6615272,1.9879333,2.9206498,0.6346326
443.96,1,1,6,13,13,39,5,0,0,0,0,0,0,0,0,0,8.962198,3.9876304,2.0609324,1.6558254,2.8825145
428.92,1,1,6,12,12,36,5,0,0,0,0,0,0,0,0,0,8.84721,3.8906417,-0.10040462,3.1006236,0.043655023
369.8,1,1,5,11,11,33,4,0,0,0,0,0,0,0,0,0,8.592314,3.5347855,0.17997348,2.9718266,1.8729371
380.89,1,1,5,12,14,40,2,0,0,0,0,0,0,0,0,0,9.493327,4.1762466,1.791987,2.3164098,-0.50962985
380.89,1,1,5,12,14,40,2,0,0,0,0,0,0,0,0,0,9.493327,4.1762466,2.0196629,2.0789385,0.834162
234.56,1,1,3,8,9,26,1,0,0,0,0,0,0,0,0,0,6.2847204,1.989118,1.9523699,3.7780395,0.7731482
162.38,1,1,2,6,6,18,1,0,0,0,0,0,0,0,0,0,5.4173512,1.9572837,2.29147,3.3015757,0.49433124
306.74,1,1,4,10,12,34,1,0,0,0,0,0,0,0,0,0,8.732119,3.2504733,1.8839414,2.5312774,0.7924586
222.46,1,0,3,6,6,18,3,0,0,0,0,0,0,0,0,0,5.5441976,1.8228711,2.553264,3.8139586,-0.052317288
220.49,1,0,3,6,7,20,2,0,0,0,0,0,0,0,0,0,5.893446,1.8934543,2.0461433,3.5789855,0.048148144
175.38,1,0,3,3,4,11,2,0,0,0,0,0,0,0,0,0,5.1042333,1.8264295,0.30582467,3.5840583,-0.20252177
370.77,1,0,5,10,10,30,5,0,0,0,0,0,0,0,0,0,7.8175507,2.7640743,2.4037137,3.9055033,-1.4203615
324.67,1,0,4,8,10,28,4,0,0,0,0,0,0,0,0,0,5.9727454,1.3527907,1.4867735,3.5898077,-0.19628067
324.67,1,0,4,8,10,28,4,0,0,0,0,0,0,0,0,0,5.9727454,1.3527907,1.1327778,3.490523,1.2662464
368.79,1,0,5,10,11,32,4,0,0,0,0,0,0,0,0,0,8.0711565,3.066885,1.8485888,3.6308713,-0.36354542
444.92,1,0,6,12,12,36,6,0,0,0,0,0,0,0,0,0,8.653712,3.2810504,1.9954681,2.676423,0.19364084
533.1,1,1,7,16,16,48,6,0,0,0,0,0,0,0,0,0,9.458694,4.5360026,2.0270574,0.78490245,2.5438468
607.3,1,1,8,18,18,54,7,0,0,0,0,0,0,0,0,0,10.377121,5.0915794,1.8913807,1.2759331,0.58601016
681.5,1,1,9,20,20,60,8,0,0,0,0,0,0,0,0,0,12.1326685,5.663541,1.8624284,0.8249983,1.6443545
667.4,1,0,9,18,18,54,9,0,0,0,0,0,0,0,0,0,11.053602,4.560632,2.0377693,0.42047158,-2.842758
593.2,1,0,8,16,16,48,8,0,0,0,0,0,0,0,0,0,9.873036,4.181629,2.0727339,1.3614717,1.4162859
741.5,1,0,10,20,20,60,10,0,0,0,0,0,0,0,0,0,12.392876,5.0162716,1.0207298,0.7771147,0.07185621
755.6,1,1,10,22,22,66,9,0,0,0,0,0,0,0,0,0,13.843554,6.2473145,2.0437927,-0.10786916,0.07120033
383.83,1,1,5,11,12,35,4,0,0,0,0,0,0,0,0,0,8.719932,3.5883029,0.72718024,3.3885448,0.44164252
268.53,1,1,3,8,8,24,4,0,0,0,0,0,0,0,0,0,3.9622238,0.029918075,1.8734168,1.9035153,3.1213531
224.4,1,1,2,6,7,20,4,0,0,0,0,0,0,0,0,0,2.28003,-1.5895139,1.9500501,1.9164953,3.9909282
342.68,1,1,4,10,10,30,5,0,0,0,0,0,0,0,0,0,5.6376896,1.3563455,1.9301275,3.587416,0.9584981
210.37,1,1,2,6,6,18,4,0,0,0,0,0,0,0,0,0,2.0635273,-1.5613328,1.5213743,1.2340317,2.293854
316.53,1,1,3,8,8,24,7,0,0,0,0,0,0,0,0,0,2.3285458,-1.8587505,2.0495036,1.5680728,2.0321152
284.53,1,1,3,8,8,24,5,0,0,0,0,0,0,0,0,0,2.859378,-1.4534812,1.8091252,0.8961638,4.920626
332.53,1,1,3,8,8,24,8,0,0,0,0,0,0,0,0,0,2.1169577,-1.9818943,1.8580942,0.7666079,1.0445135
264.58,1,1,3,8,10,28,2,0,0,0,0,0,0,0,0,0,6.1345263,1.7254711,1.9026526,4.0227757,1.6927323
309.68,1,1,4,9,10,29,3,0,0,0,0,0,0,0,0,0,7.034416,2.6021457,0.4122639,3.8199947,0.27175993
336.61,0,1,3,9,12,28,5,0,0,0,0,0,0,0,2,3,4.2718644,0.15853179,1.7265829,0.9613194,5.1642737
